Netbeheerder;Klanttype;Contracttype;Tariefonderdeel;Tariefnotering;Prijs
FA;T1;Afname;Basistarief Vaste Term;EUR/jaar;14.79
FA;T1;Afname;Basistarief Proportionele Term;EUR/kWh;0.020533
FA;T1;Afname;Basistarief Capaciteit;EUR/maxcap/jaar;0
FA;T1;Afname;Databeheer AMR;EUR/jaar;0
FA;T1;Afname;Databeheer MMR;EUR/jaar;57.65
FA;T1;Afname;Databeheer Jaaropname;EUR/jaar;17.85
FA;T1;Afname;Openbaredienstverplichting;EUR/kWh;0.0003667
FA;T1;Afname;Pensioenen;EUR/kWh;0.0003405
FA;T1;Afname;Heffingen;EUR/kWh;0.0000467
FA;T1;Injectie;Databeheer AMR;EUR/jaar;57.65
FA;T1;Injectie;Systeembeheer;EUR/kWh;0.000963
FA;T2;Afname;Basistarief Vaste Term;EUR/jaar;78.51
FA;T2;Afname;Basistarief Proportionele Term;EUR/kWh;0.0077903
FA;T2;Afname;Basistarief Capaciteit;EUR/maxcap/jaar;0
FA;T2;Afname;Databeheer AMR;EUR/jaar;0
FA;T2;Afname;Databeheer MMR;EUR/jaar;57.65
FA;T2;Afname;Databeheer Jaaropname;EUR/jaar;17.85
FA;T2;Afname;Openbaredienstverplichting;EUR/kWh;0.0003667
FA;T2;Afname;Pensioenen;EUR/kWh;0.0003405
FA;T2;Afname;Heffingen;EUR/kWh;0.0000467
FA;T3;Afname;Basistarief Vaste Term;EUR/jaar;530.78
FA;T3;Afname;Basistarief Proportionele Term;EUR/kWh;0.0047752
FA;T3;Afname;Basistarief Capaciteit;EUR/maxcap/jaar;0
FA;T3;Afname;Databeheer AMR;EUR/jaar;0
FA;T3;Afname;Databeheer MMR;EUR/jaar;57.65
FA;T3;Afname;Databeheer Jaaropname;EUR/jaar;17.85
FA;T3;Afname;Openbaredienstverplichting;EUR/kWh;0.0003667
FA;T3;Afname;Pensioenen;EUR/kWh;0.0003405
FA;T3;Afname;Heffingen;EUR/kWh;0.0000467
FA;T4;Afname;Basistarief Vaste Term;EUR/jaar;4927.69
FA;T4;Afname;Basistarief Proportionele Term;EUR/kWh;0.0003783
FA;T4;Afname;Basistarief Capaciteit;EUR/maxcap/jaar;0
FA;T4;Afname;Databeheer AMR;EUR/jaar;0
FA;T4;Afname;Databeheer MMR;EUR/jaar;57.65
FA;T4;Afname;Databeheer Jaaropname;EUR/jaar;17.85
FA;T4;Afname;Openbaredienstverplichting;EUR/kWh;0
FA;T4;Afname;Pensioenen;EUR/kWh;0.0000731
FA;T4;Afname;Heffingen;EUR/kWh;0.00001
FA;T5;Afname;Basistarief Vaste Term;EUR/jaar;0
FA;T5;Afname;Basistarief Proportionele Term;EUR/kWh;0.0003783
FA;T5;Afname;Basistarief Capaciteit;EUR/maxcap/jaar;1,9710771
FA;T5;Afname;Databeheer AMR;EUR/jaar;57.65
FA;T5;Afname;Databeheer MMR;EUR/jaar;0
FA;T5;Afname;Databeheer Jaaropname;EUR/jaar;0
FA;T5;Afname;Openbaredienstverplichting;EUR/kWh;0
FA;T5;Afname;Pensioenen;EUR/kWh;0.0000731
FA;T5;Afname;Heffingen;EUR/kWh;0.00001
FA;T6;Afname;Basistarief Vaste Term;EUR/jaar;0
FA;T6;Afname;Basistarief Proportionele Term;EUR/kWh;0.0003097
FA;T6;Afname;Basistarief Capaciteit;EUR/maxcap/jaar;0.4743207
FA;T6;Afname;Databeheer AMR;EUR/jaar;57.65
FA;T6;Afname;Databeheer MMR;EUR/jaar;0
FA;T6;Afname;Databeheer Jaaropname;EUR/jaar;0
FA;T6;Afname;Openbaredienstverplichting;EUR/kWh;0
FA;T6;Afname;Pensioenen;EUR/kWh;0.0000129
FA;T6;Afname;Heffingen;EUR/kWh;0.0000018
FA;LD;Afname;Basistarief Vaste Term;EUR/jaar;0
FA;LD;Afname;Basistarief Proportionele Term;EUR/kWh;0.0007275
FA;LD;Afname;Basistarief Capaciteit;EUR/maxcap/jaar;0
FA;LD;Afname;Databeheer AMR;EUR/jaar;0
FA;LD;Afname;Databeheer MMR;EUR/jaar;0
FA;LD;Afname;Databeheer Jaaropname;EUR/jaar;0
FA;LD;Afname;Openbaredienstverplichting;EUR/kWh;0
FA;LD;Afname;Pensioenen;EUR/kWh;0
FA;LD;Afname;Heffingen;EUR/kWh;0
FA;MD;Afname;Basistarief Vaste Term;EUR/jaar;0
FA;MD;Afname;Basistarief Proportionele Term;EUR/kWh;0.0005387
FA;MD;Afname;Basistarief Capaciteit;EUR/maxcap/jaar;0
FA;MD;Afname;Databeheer AMR;EUR/jaar;0
FA;MD;Afname;Databeheer MMR;EUR/jaar;0
FA;MD;Afname;Databeheer Jaaropname;EUR/jaar;0
FA;MD;Afname;Openbaredienstverplichting;EUR/kWh;0
FA;MD;Afname;Pensioenen;EUR/kWh;0
FA;MD;Afname;Heffingen;EUR/kWh;0
FHV;T1;Afname;Basistarief Vaste Term;EUR/jaar;16.59
FHV;T1;Afname;Basistarief Proportionele Term;EUR/kWh;0.0230382
FHV;T1;Afname;Basistarief Capaciteit;EUR/maxcap/jaar;0
FHV;T1;Afname;Databeheer AMR;EUR/jaar;0
FHV;T1;Afname;Databeheer MMR;EUR/jaar;57.65
FHV;T1;Afname;Databeheer Jaaropname;EUR/jaar;17.85
FHV;T1;Afname;Openbaredienstverplichting;EUR/kWh;0.0002427
FHV;T1;Afname;Pensioenen;EUR/kWh;0.0001994
FHV;T1;Afname;Heffingen;EUR/kWh;0.0000648
FHV;T1;Injectie;Databeheer AMR;EUR/jaar;57.65
FHV;T1;Injectie;Systeembeheer;EUR/kWh;0.000963
FHV;T2;Afname;Basistarief Vaste Term;EUR/jaar;88.09
FHV;T2;Afname;Basistarief Proportionele Term;EUR/kWh;0.0087408
FHV;T2;Afname;Basistarief Capaciteit;EUR/maxcap/jaar;0
FHV;T2;Afname;Databeheer AMR;EUR/jaar;0
FHV;T2;Afname;Databeheer MMR;EUR/jaar;57.65
FHV;T2;Afname;Databeheer Jaaropname;EUR/jaar;17.85
FHV;T2;Afname;Openbaredienstverplichting;EUR/kWh;0.0002427
FHV;T2;Afname;Pensioenen;EUR/kWh;0.0001994
FHV;T2;Afname;Heffingen;EUR/kWh;0.0000648
FHV;T3;Afname;Basistarief Vaste Term;EUR/jaar;595.54
FHV;T3;Afname;Basistarief Proportionele Term;EUR/kWh;0.0053578
FHV;T3;Afname;Basistarief Capaciteit;EUR/maxcap/jaar;0
FHV;T3;Afname;Databeheer AMR;EUR/jaar;0
FHV;T3;Afname;Databeheer MMR;EUR/jaar;57.65
FHV;T3;Afname;Databeheer Jaaropname;EUR/jaar;17.85
FHV;T3;Afname;Openbaredienstverplichting;EUR/kWh;0.0002427
FHV;T3;Afname;Pensioenen;EUR/kWh;0.0001994
FHV;T3;Afname;Heffingen;EUR/kWh;0.0000648
FHV;T4;Afname;Basistarief Vaste Term;EUR/jaar;5528.91
FHV;T4;Afname;Basistarief Proportionele Term;EUR/kWh;0.0004245
FHV;T4;Afname;Basistarief Capaciteit;EUR/maxcap/jaar;0
FHV;T4;Afname;Databeheer AMR;EUR/jaar;0
FHV;T4;Afname;Databeheer MMR;EUR/jaar;57.65
FHV;T4;Afname;Databeheer Jaaropname;EUR/jaar;17.85
FHV;T4;Afname;Openbaredienstverplichting;EUR/kWh;0
FHV;T4;Afname;Pensioenen;EUR/kWh;0.0000445
FHV;T4;Afname;Heffingen;EUR/kWh;0.0000145
FHV;T5;Afname;Basistarief Vaste Term;EUR/jaar;0
FHV;T5;Afname;Basistarief Proportionele Term;EUR/kWh;0.0004245
FHV;T5;Afname;Basistarief Capaciteit;EUR/maxcap/jaar;2.2115643
FHV;T5;Afname;Databeheer AMR;EUR/jaar;57.65
FHV;T5;Afname;Databeheer MMR;EUR/jaar;0
FHV;T5;Afname;Databeheer Jaaropname;EUR/jaar;0
FHV;T5;Afname;Openbaredienstverplichting;EUR/kWh;0
FHV;T5;Afname;Pensioenen;EUR/kWh;0.0000445
FHV;T5;Afname;Heffingen;EUR/kWh;0.0000145
FHV;T6;Afname;Basistarief Vaste Term;EUR/jaar;0
FHV;T6;Afname;Basistarief Proportionele Term;EUR/kWh;0.0003475
FHV;T6;Afname;Basistarief Capaciteit;EUR/maxcap/jaar;0.5321916
FHV;T6;Afname;Databeheer AMR;EUR/jaar;57.65
FHV;T6;Afname;Databeheer MMR;EUR/jaar;0
FHV;T6;Afname;Databeheer Jaaropname;EUR/jaar;0
FHV;T6;Afname;Openbaredienstverplichting;EUR/kWh;0
FHV;T6;Afname;Pensioenen;EUR/kWh;0.0000079
FHV;T6;Afname;Heffingen;EUR/kWh;0.0000026
FHV;LD;Afname;Basistarief Vaste Term;EUR/jaar;0
FHV;LD;Afname;Basistarief Proportionele Term;EUR/kWh;0.0007275
FHV;LD;Afname;Basistarief Capaciteit;EUR/maxcap/jaar;0
FHV;LD;Afname;Databeheer AMR;EUR/jaar;0
FHV;LD;Afname;Databeheer MMR;EUR/jaar;0
FHV;LD;Afname;Databeheer Jaaropname;EUR/jaar;0
FHV;LD;Afname;Openbaredienstverplichting;EUR/kWh;0
FHV;LD;Afname;Pensioenen;EUR/kWh;0
FHV;LD;Afname;Heffingen;EUR/kWh;0
FHV;MD;Afname;Basistarief Vaste Term;EUR/jaar;0
FHV;MD;Afname;Basistarief Proportionele Term;EUR/kWh;0.0005387
FHV;MD;Afname;Basistarief Capaciteit;EUR/maxcap/jaar;0
FHV;MD;Afname;Databeheer AMR;EUR/jaar;0
FHV;MD;Afname;Databeheer MMR;EUR/jaar;0
FHV;MD;Afname;Databeheer Jaaropname;EUR/jaar;0
FHV;MD;Afname;Openbaredienstverplichting;EUR/kWh;0
FHV;MD;Afname;Pensioenen;EUR/kWh;0
FHV;MD;Afname;Heffingen;EUR/kWh;0
FI;T1;Afname;Basistarief Vaste Term;EUR/jaar;17.56
FI;T1;Afname;Basistarief Proportionele Term;EUR/kWh;0.0243793
FI;T1;Afname;Basistarief Capaciteit;EUR/maxcap/jaar;0
FI;T1;Afname;Databeheer AMR;EUR/jaar;0
FI;T1;Afname;Databeheer MMR;EUR/jaar;57.65
FI;T1;Afname;Databeheer Jaaropname;EUR/jaar;17.85
FI;T1;Afname;Openbaredienstverplichting;EUR/kWh;0.0002076
FI;T1;Afname;Pensioenen;EUR/kWh;0.0001387
FI;T1;Afname;Heffingen;EUR/kWh;0.0000644
FI;T1;Injectie;Databeheer AMR;EUR/jaar;57.65
FI;T1;Injectie;Systeembeheer;EUR/kWh;0.000963
FI;T2;Afname;Basistarief Vaste Term;EUR/jaar;93.22
FI;T2;Afname;Basistarief Proportionele Term;EUR/kWh;0.0092496
FI;T2;Afname;Basistarief Capaciteit;EUR/maxcap/jaar;0
FI;T2;Afname;Databeheer AMR;EUR/jaar;0
FI;T2;Afname;Databeheer MMR;EUR/jaar;57.65
FI;T2;Afname;Databeheer Jaaropname;EUR/jaar;17.85
FI;T2;Afname;Openbaredienstverplichting;EUR/kWh;0.0002076
FI;T2;Afname;Pensioenen;EUR/kWh;0.0001387
FI;T2;Afname;Heffingen;EUR/kWh;0.0000644
FI;T3;Afname;Basistarief Vaste Term;EUR/jaar;630.21
FI;T3;Afname;Basistarief Proportionele Term;EUR/kWh;0.0056697
FI;T3;Afname;Basistarief Capaciteit;EUR/maxcap/jaar;0
FI;T3;Afname;Databeheer AMR;EUR/jaar;0
FI;T3;Afname;Databeheer MMR;EUR/jaar;57.65
FI;T3;Afname;Databeheer Jaaropname;EUR/jaar;17.85
FI;T3;Afname;Openbaredienstverplichting;EUR/kWh;0.0002076
FI;T3;Afname;Pensioenen;EUR/kWh;0.0001387
FI;T3;Afname;Heffingen;EUR/kWh;0.0000644
FI;T4;Afname;Basistarief Vaste Term;EUR/jaar;5850.76
FI;T4;Afname;Basistarief Proportionele Term;EUR/kWh;0.0004492
FI;T4;Afname;Basistarief Capaciteit;EUR/maxcap/jaar;0
FI;T4;Afname;Databeheer AMR;EUR/jaar;0
FI;T4;Afname;Databeheer MMR;EUR/jaar;57.65
FI;T4;Afname;Databeheer Jaaropname;EUR/jaar;17.85
FI;T4;Afname;Openbaredienstverplichting;EUR/kWh;0
FI;T4;Afname;Pensioenen;EUR/kWh;0.0000262
FI;T4;Afname;Heffingen;EUR/kWh;0.0000122
FI;T5;Afname;Basistarief Vaste Term;EUR/jaar;0
FI;T5;Afname;Basistarief Proportionele Term;EUR/kWh;0.0004492
FI;T5;Afname;Basistarief Capaciteit;EUR/maxcap/jaar;2.3403032
FI;T5;Afname;Databeheer AMR;EUR/jaar;57.65
FI;T5;Afname;Databeheer MMR;EUR/jaar;0
FI;T5;Afname;Databeheer Jaaropname;EUR/jaar;0
FI;T5;Afname;Openbaredienstverplichting;EUR/kWh;0
FI;T5;Afname;Pensioenen;EUR/kWh;0.0000262
FI;T5;Afname;Heffingen;EUR/kWh;0.0000122
FI;T6;Afname;Basistarief Vaste Term;EUR/jaar;0
FI;T6;Afname;Basistarief Proportionele Term;EUR/kWh;0.0003677
FI;T6;Afname;Basistarief Capaciteit;EUR/maxcap/jaar;0.5631714
FI;T6;Afname;Databeheer AMR;EUR/jaar;57.65
FI;T6;Afname;Databeheer MMR;EUR/jaar;0
FI;T6;Afname;Databeheer Jaaropname;EUR/jaar;0
FI;T6;Afname;Openbaredienstverplichting;EUR/kWh;0
FI;T6;Afname;Pensioenen;EUR/kWh;0.000005
FI;T6;Afname;Heffingen;EUR/kWh;0.0000023
FI;LD;Afname;Basistarief Vaste Term;EUR/jaar;0
FI;LD;Afname;Basistarief Proportionele Term;EUR/kWh;0.0007275
FI;LD;Afname;Basistarief Capaciteit;EUR/maxcap/jaar;0
FI;LD;Afname;Databeheer AMR;EUR/jaar;0
FI;LD;Afname;Databeheer MMR;EUR/jaar;0
FI;LD;Afname;Databeheer Jaaropname;EUR/jaar;0
FI;LD;Afname;Openbaredienstverplichting;EUR/kWh;0
FI;LD;Afname;Pensioenen;EUR/kWh;0
FI;LD;Afname;Heffingen;EUR/kWh;0
FI;MD;Afname;Basistarief Vaste Term;EUR/jaar;0
FI;MD;Afname;Basistarief Proportionele Term;EUR/kWh;0.0005387
FI;MD;Afname;Basistarief Capaciteit;EUR/maxcap/jaar;0
FI;MD;Afname;Databeheer AMR;EUR/jaar;0
FI;MD;Afname;Databeheer MMR;EUR/jaar;0
FI;MD;Afname;Databeheer Jaaropname;EUR/jaar;0
FI;MD;Afname;Openbaredienstverplichting;EUR/kWh;0
FI;MD;Afname;Pensioenen;EUR/kWh;0
FI;MD;Afname;Heffingen;EUR/kWh;0
FK;T1;Afname;Basistarief Vaste Term;EUR/jaar;15.25
FK;T1;Afname;Basistarief Proportionele Term;EUR/kWh;0.0211761
FK;T1;Afname;Basistarief Capaciteit;EUR/maxcap/jaar;0
FK;T1;Afname;Databeheer AMR;EUR/jaar;0
FK;T1;Afname;Databeheer MMR;EUR/jaar;57.65
FK;T1;Afname;Databeheer Jaaropname;EUR/jaar;17.85
FK;T1;Afname;Openbaredienstverplichting;EUR/kWh;0.0000643
FK;T1;Afname;Pensioenen;EUR/kWh;0.0001469
FK;T1;Afname;Heffingen;EUR/kWh;0.0000739
FK;T1;Injectie;Databeheer AMR;EUR/jaar;57.65
FK;T1;Injectie;Systeembeheer;EUR/kWh;0.000963
FK;T2;Afname;Basistarief Vaste Term;EUR/jaar;80.97
FK;T2;Afname;Basistarief Proportionele Term;EUR/kWh;0.0080343
FK;T2;Afname;Basistarief Capaciteit;EUR/maxcap/jaar;0
FK;T2;Afname;Databeheer AMR;EUR/jaar;0
FK;T2;Afname;Databeheer MMR;EUR/jaar;57.65
FK;T2;Afname;Databeheer Jaaropname;EUR/jaar;17.85
FK;T2;Afname;Openbaredienstverplichting;EUR/kWh;0.0000643
FK;T2;Afname;Pensioenen;EUR/kWh;0.0001469
FK;T2;Afname;Heffingen;EUR/kWh;0.0000739
FK;T3;Afname;Basistarief Vaste Term;EUR/jaar;547.41
FK;T3;Afname;Basistarief Proportionele Term;EUR/kWh;0.0049248
FK;T3;Afname;Basistarief Capaciteit;EUR/maxcap/jaar;0
FK;T3;Afname;Databeheer AMR;EUR/jaar;0
FK;T3;Afname;Databeheer MMR;EUR/jaar;57.65
FK;T3;Afname;Databeheer Jaaropname;EUR/jaar;17.85
FK;T3;Afname;Openbaredienstverplichting;EUR/kWh;0.0000643
FK;T3;Afname;Pensioenen;EUR/kWh;0.0001469
FK;T3;Afname;Heffingen;EUR/kWh;0.0000739
FK;T4;Afname;Basistarief Vaste Term;EUR/jaar;5082.04
FK;T4;Afname;Basistarief Proportionele Term;EUR/kWh;0.0003902
FK;T4;Afname;Basistarief Capaciteit;EUR/maxcap/jaar;0
FK;T4;Afname;Databeheer AMR;EUR/jaar;0
FK;T4;Afname;Databeheer MMR;EUR/jaar;57.65
FK;T4;Afname;Databeheer Jaaropname;EUR/jaar;17.85
FK;T4;Afname;Openbaredienstverplichting;EUR/kWh;0
FK;T4;Afname;Pensioenen;EUR/kWh;0.0000256
FK;T4;Afname;Heffingen;EUR/kWh;0.0000129
FK;T5;Afname;Basistarief Vaste Term;EUR/jaar;0
FK;T5;Afname;Basistarief Proportionele Term;EUR/kWh;0.0003902
FK;T5;Afname;Basistarief Capaciteit;EUR/maxcap/jaar;2.0328178
FK;T5;Afname;Databeheer AMR;EUR/jaar;57.65
FK;T5;Afname;Databeheer MMR;EUR/jaar;0
FK;T5;Afname;Databeheer Jaaropname;EUR/jaar;0
FK;T5;Afname;Openbaredienstverplichting;EUR/kWh;0
FK;T5;Afname;Pensioenen;EUR/kWh;0.0000256
FK;T5;Afname;Heffingen;EUR/kWh;0.0000129
FK;T6;Afname;Basistarief Vaste Term;EUR/jaar;0
FK;T6;Afname;Basistarief Proportionele Term;EUR/kWh;0.0003194
FK;T6;Afname;Basistarief Capaciteit;EUR/maxcap/jaar;0.489178
FK;T6;Afname;Databeheer AMR;EUR/jaar;57.65
FK;T6;Afname;Databeheer MMR;EUR/jaar;0
FK;T6;Afname;Databeheer Jaaropname;EUR/jaar;0
FK;T6;Afname;Openbaredienstverplichting;EUR/kWh;0
FK;T6;Afname;Pensioenen;EUR/kWh;0.0000052
FK;T6;Afname;Heffingen;EUR/kWh;0.0000026
FK;LD;Afname;Basistarief Vaste Term;EUR/jaar;0
FK;LD;Afname;Basistarief Proportionele Term;EUR/kWh;0.0007275
FK;LD;Afname;Basistarief Capaciteit;EUR/maxcap/jaar;0
FK;LD;Afname;Databeheer AMR;EUR/jaar;0
FK;LD;Afname;Databeheer MMR;EUR/jaar;0
FK;LD;Afname;Databeheer Jaaropname;EUR/jaar;0
FK;LD;Afname;Openbaredienstverplichting;EUR/kWh;0
FK;LD;Afname;Pensioenen;EUR/kWh;0
FK;LD;Afname;Heffingen;EUR/kWh;0
FK;MD;Afname;Basistarief Vaste Term;EUR/jaar;0
FK;MD;Afname;Basistarief Proportionele Term;EUR/kWh;0.0005387
FK;MD;Afname;Basistarief Capaciteit;EUR/maxcap/jaar;0
FK;MD;Afname;Databeheer AMR;EUR/jaar;0
FK;MD;Afname;Databeheer MMR;EUR/jaar;0
FK;MD;Afname;Databeheer Jaaropname;EUR/jaar;0
FK;MD;Afname;Openbaredienstverplichting;EUR/kWh;0
FK;MD;Afname;Pensioenen;EUR/kWh;0
FK;MD;Afname;Heffingen;EUR/kWh;0
FL;T1;Afname;Basistarief Vaste Term;EUR/jaar;13.76
FL;T1;Afname;Basistarief Proportionele Term;EUR/kWh;0.0191134
FL;T1;Afname;Basistarief Capaciteit;EUR/maxcap/jaar;0
FL;T1;Afname;Databeheer AMR;EUR/jaar;0
FL;T1;Afname;Databeheer MMR;EUR/jaar;57.65
FL;T1;Afname;Databeheer Jaaropname;EUR/jaar;17.85
FL;T1;Afname;Openbaredienstverplichting;EUR/kWh;0.0001808
FL;T1;Afname;Pensioenen;EUR/kWh;0.0017778
FL;T1;Afname;Heffingen;EUR/kWh;0.0000626
FL;T1;Injectie;Databeheer AMR;EUR/jaar;57.65
FL;T1;Injectie;Systeembeheer;EUR/kWh;0.000963
FL;T2;Afname;Basistarief Vaste Term;EUR/jaar;73.08
FL;T2;Afname;Basistarief Proportionele Term;EUR/kWh;0.0072517
FL;T2;Afname;Basistarief Capaciteit;EUR/maxcap/jaar;0
FL;T2;Afname;Databeheer AMR;EUR/jaar;0
FL;T2;Afname;Databeheer MMR;EUR/jaar;57.65
FL;T2;Afname;Databeheer Jaaropname;EUR/jaar;17.85
FL;T2;Afname;Openbaredienstverplichting;EUR/kWh;0.0001808
FL;T2;Afname;Pensioenen;EUR/kWh;0.0017778
FL;T2;Afname;Heffingen;EUR/kWh;0.0000626
FL;T3;Afname;Basistarief Vaste Term;EUR/jaar;494.08
FL;T3;Afname;Basistarief Proportionele Term;EUR/kWh;0.0044451
FL;T3;Afname;Basistarief Capaciteit;EUR/maxcap/jaar;0
FL;T3;Afname;Databeheer AMR;EUR/jaar;0
FL;T3;Afname;Databeheer MMR;EUR/jaar;57.65
FL;T3;Afname;Databeheer Jaaropname;EUR/jaar;17.85
FL;T3;Afname;Openbaredienstverplichting;EUR/kWh;0.0001808
FL;T3;Afname;Pensioenen;EUR/kWh;0.0017778
FL;T3;Afname;Heffingen;EUR/kWh;0.0000626
FL;T4;Afname;Basistarief Vaste Term;EUR/jaar;4587
FL;T4;Afname;Basistarief Proportionele Term;EUR/kWh;0.0003522
FL;T4;Afname;Basistarief Capaciteit;EUR/maxcap/jaar;0
FL;T4;Afname;Databeheer AMR;EUR/jaar;0
FL;T4;Afname;Databeheer MMR;EUR/jaar;57.65
FL;T4;Afname;Databeheer Jaaropname;EUR/jaar;17.85
FL;T4;Afname;Openbaredienstverplichting;EUR/kWh;0
FL;T4;Afname;Pensioenen;EUR/kWh;0.0003337
FL;T4;Afname;Heffingen;EUR/kWh;0.0000118
FL;T5;Afname;Basistarief Vaste Term;EUR/jaar;0
FL;T5;Afname;Basistarief Proportionele Term;EUR/kWh;0.0003522
FL;T5;Afname;Basistarief Capaciteit;EUR/maxcap/jaar;1.8347995
FL;T5;Afname;Databeheer AMR;EUR/jaar;57.65
FL;T5;Afname;Databeheer MMR;EUR/jaar;0
FL;T5;Afname;Databeheer Jaaropname;EUR/jaar;0
FL;T5;Afname;Openbaredienstverplichting;EUR/kWh;0
FL;T5;Afname;Pensioenen;EUR/kWh;0.0003337
FL;T5;Afname;Heffingen;EUR/kWh;0.0000118
FL;T6;Afname;Basistarief Vaste Term;EUR/jaar;0
FL;T6;Afname;Basistarief Proportionele Term;EUR/kWh;0.0002883
FL;T6;Afname;Basistarief Capaciteit;EUR/maxcap/jaar;0.4415268
FL;T6;Afname;Databeheer AMR;EUR/jaar;57.65
FL;T6;Afname;Databeheer MMR;EUR/jaar;0
FL;T6;Afname;Databeheer Jaaropname;EUR/jaar;0
FL;T6;Afname;Openbaredienstverplichting;EUR/kWh;0
FL;T6;Afname;Pensioenen;EUR/kWh;0.0000689
FL;T6;Afname;Heffingen;EUR/kWh;0.0000024
FL;LD;Afname;Basistarief Vaste Term;EUR/jaar;0
FL;LD;Afname;Basistarief Proportionele Term;EUR/kWh;0.0007275
FL;LD;Afname;Basistarief Capaciteit;EUR/maxcap/jaar;0
FL;LD;Afname;Databeheer AMR;EUR/jaar;0
FL;LD;Afname;Databeheer MMR;EUR/jaar;0
FL;LD;Afname;Databeheer Jaaropname;EUR/jaar;0
FL;LD;Afname;Openbaredienstverplichting;EUR/kWh;0
FL;LD;Afname;Pensioenen;EUR/kWh;0
FL;LD;Afname;Heffingen;EUR/kWh;0
FL;MD;Afname;Basistarief Vaste Term;EUR/jaar;0
FL;MD;Afname;Basistarief Proportionele Term;EUR/kWh;0.0005387
FL;MD;Afname;Basistarief Capaciteit;EUR/maxcap/jaar;0
FL;MD;Afname;Databeheer AMR;EUR/jaar;0
FL;MD;Afname;Databeheer MMR;EUR/jaar;0
FL;MD;Afname;Databeheer Jaaropname;EUR/jaar;0
FL;MD;Afname;Openbaredienstverplichting;EUR/kWh;0
FL;MD;Afname;Pensioenen;EUR/kWh;0
FL;MD;Afname;Heffingen;EUR/kWh;0
FMV;T1;Afname;Basistarief Vaste Term;EUR/jaar;15.41
FMV;T1;Afname;Basistarief Proportionele Term;EUR/kWh;0.0213928
FMV;T1;Afname;Basistarief Capaciteit;EUR/maxcap/jaar;0
FMV;T1;Afname;Databeheer AMR;EUR/jaar;0
FMV;T1;Afname;Databeheer MMR;EUR/jaar;57.65
FMV;T1;Afname;Databeheer Jaaropname;EUR/jaar;17.85
FMV;T1;Afname;Openbaredienstverplichting;EUR/kWh;0.0003017
FMV;T1;Afname;Pensioenen;EUR/kWh;0.0000939
FMV;T1;Afname;Heffingen;EUR/kWh;0.0000716
FMV;T1;Injectie;Databeheer AMR;EUR/jaar;57.65
FMV;T1;Injectie;Systeembeheer;EUR/kWh;0.000963
FMV;T2;Afname;Basistarief Vaste Term;EUR/jaar;81.8
FMV;T2;Afname;Basistarief Proportionele Term;EUR/kWh;0.0081166
FMV;T2;Afname;Basistarief Capaciteit;EUR/maxcap/jaar;0
FMV;T2;Afname;Databeheer AMR;EUR/jaar;0
FMV;T2;Afname;Databeheer MMR;EUR/jaar;57.65
FMV;T2;Afname;Databeheer Jaaropname;EUR/jaar;17.85
FMV;T2;Afname;Openbaredienstverplichting;EUR/kWh;0.0003017
FMV;T2;Afname;Pensioenen;EUR/kWh;0.0000939
FMV;T2;Afname;Heffingen;EUR/kWh;0.0000716
FMV;T3;Afname;Basistarief Vaste Term;EUR/jaar;553.01
FMV;T3;Afname;Basistarief Proportionele Term;EUR/kWh;0.0049752
FMV;T3;Afname;Basistarief Capaciteit;EUR/maxcap/jaar;0
FMV;T3;Afname;Databeheer AMR;EUR/jaar;0
FMV;T3;Afname;Databeheer MMR;EUR/jaar;57.65
FMV;T3;Afname;Databeheer Jaaropname;EUR/jaar;17.85
FMV;T3;Afname;Openbaredienstverplichting;EUR/kWh;0.0003017
FMV;T3;Afname;Pensioenen;EUR/kWh;0.0000939
FMV;T3;Afname;Heffingen;EUR/kWh;0.0000716
FMV;T4;Afname;Basistarief Vaste Term;EUR/jaar;5134.05
FMV;T4;Afname;Basistarief Proportionele Term;EUR/kWh;0.0003942
FMV;T4;Afname;Basistarief Capaciteit;EUR/maxcap/jaar;0
FMV;T4;Afname;Databeheer AMR;EUR/jaar;0
FMV;T4;Afname;Databeheer MMR;EUR/jaar;57.65
FMV;T4;Afname;Databeheer Jaaropname;EUR/jaar;17.85
FMV;T4;Afname;Openbaredienstverplichting;EUR/kWh;0
FMV;T4;Afname;Pensioenen;EUR/kWh;0.0000174
FMV;T4;Afname;Heffingen;EUR/kWh;0.0000133
FMV;T5;Afname;Basistarief Vaste Term;EUR/jaar;0
FMV;T5;Afname;Basistarief Proportionele Term;EUR/kWh;0.0003942
FMV;T5;Afname;Basistarief Capaciteit;EUR/maxcap/jaar;2.0536214
FMV;T5;Afname;Databeheer AMR;EUR/jaar;57.65
FMV;T5;Afname;Databeheer MMR;EUR/jaar;0
FMV;T5;Afname;Databeheer Jaaropname;EUR/jaar;0
FMV;T5;Afname;Openbaredienstverplichting;EUR/kWh;0
FMV;T5;Afname;Pensioenen;EUR/kWh;0.0000174
FMV;T5;Afname;Heffingen;EUR/kWh;0.0000133
FMV;T6;Afname;Basistarief Vaste Term;EUR/jaar;0
FMV;T6;Afname;Basistarief Proportionele Term;EUR/kWh;0.0003226
FMV;T6;Afname;Basistarief Capaciteit;EUR/maxcap/jaar;0.4941841
FMV;T6;Afname;Databeheer AMR;EUR/jaar;57.65
FMV;T6;Afname;Databeheer MMR;EUR/jaar;0
FMV;T6;Afname;Databeheer Jaaropname;EUR/jaar;0
FMV;T6;Afname;Openbaredienstverplichting;EUR/kWh;0
FMV;T6;Afname;Pensioenen;EUR/kWh;0.0000038
FMV;T6;Afname;Heffingen;EUR/kWh;0.0000029
FMV;LD;Afname;Basistarief Vaste Term;EUR/jaar;0
FMV;LD;Afname;Basistarief Proportionele Term;EUR/kWh;0.0007275
FMV;LD;Afname;Basistarief Capaciteit;EUR/maxcap/jaar;0
FMV;LD;Afname;Databeheer AMR;EUR/jaar;0
FMV;LD;Afname;Databeheer MMR;EUR/jaar;0
FMV;LD;Afname;Databeheer Jaaropname;EUR/jaar;0
FMV;LD;Afname;Openbaredienstverplichting;EUR/kWh;0
FMV;LD;Afname;Pensioenen;EUR/kWh;0
FMV;LD;Afname;Heffingen;EUR/kWh;0
FMV;MD;Afname;Basistarief Vaste Term;EUR/jaar;0
FMV;MD;Afname;Basistarief Proportionele Term;EUR/kWh;0.0005387
FMV;MD;Afname;Basistarief Capaciteit;EUR/maxcap/jaar;0
FMV;MD;Afname;Databeheer AMR;EUR/jaar;0
FMV;MD;Afname;Databeheer MMR;EUR/jaar;0
FMV;MD;Afname;Databeheer Jaaropname;EUR/jaar;0
FMV;MD;Afname;Openbaredienstverplichting;EUR/kWh;0
FMV;MD;Afname;Pensioenen;EUR/kWh;0
FMV;MD;Afname;Heffingen;EUR/kWh;0
FW;T1;Afname;Basistarief Vaste Term;EUR/jaar;17.95
FW;T1;Afname;Basistarief Proportionele Term;EUR/kWh;0.0249243
FW;T1;Afname;Basistarief Capaciteit;EUR/maxcap/jaar;0
FW;T1;Afname;Databeheer AMR;EUR/jaar;0
FW;T1;Afname;Databeheer MMR;EUR/jaar;57.65
FW;T1;Afname;Databeheer Jaaropname;EUR/jaar;17.85
FW;T1;Afname;Openbaredienstverplichting;EUR/kWh;0.0001546
FW;T1;Afname;Pensioenen;EUR/kWh;0.0002749
FW;T1;Afname;Heffingen;EUR/kWh;0.0000669
FW;T1;Injectie;Databeheer AMR;EUR/jaar;57.65
FW;T1;Injectie;Systeembeheer;EUR/kWh;0.000963
FW;T2;Afname;Basistarief Vaste Term;EUR/jaar;95.3
FW;T2;Afname;Basistarief Proportionele Term;EUR/kWh;0.0094564
FW;T2;Afname;Basistarief Capaciteit;EUR/maxcap/jaar;0
FW;T2;Afname;Databeheer AMR;EUR/jaar;0
FW;T2;Afname;Databeheer MMR;EUR/jaar;57.65
FW;T2;Afname;Databeheer Jaaropname;EUR/jaar;17.85
FW;T2;Afname;Openbaredienstverplichting;EUR/kWh;0.0001546
FW;T2;Afname;Pensioenen;EUR/kWh;0.0002749
FW;T2;Afname;Heffingen;EUR/kWh;0.0000669
FW;T3;Afname;Basistarief Vaste Term;EUR/jaar;644.3
FW;T3;Afname;Basistarief Proportionele Term;EUR/kWh;0.0057965
FW;T3;Afname;Basistarief Capaciteit;EUR/maxcap/jaar;0
FW;T3;Afname;Databeheer AMR;EUR/jaar;0
FW;T3;Afname;Databeheer MMR;EUR/jaar;57.65
FW;T3;Afname;Databeheer Jaaropname;EUR/jaar;17.85
FW;T3;Afname;Openbaredienstverplichting;EUR/kWh;0.0001546
FW;T3;Afname;Pensioenen;EUR/kWh;0.0002749
FW;T3;Afname;Heffingen;EUR/kWh;0.0000669
FW;T4;Afname;Basistarief Vaste Term;EUR/jaar;5981.55
FW;T4;Afname;Basistarief Proportionele Term;EUR/kWh;0.0004592
FW;T4;Afname;Basistarief Capaciteit;EUR/maxcap/jaar;0
FW;T4;Afname;Databeheer AMR;EUR/jaar;0
FW;T4;Afname;Databeheer MMR;EUR/jaar;57.65
FW;T4;Afname;Databeheer Jaaropname;EUR/jaar;17.85
FW;T4;Afname;Openbaredienstverplichting;EUR/kWh;0
FW;T4;Afname;Pensioenen;EUR/kWh;0.0000496
FW;T4;Afname;Heffingen;EUR/kWh;0.0000121
FW;T5;Afname;Basistarief Vaste Term;EUR/jaar;0
FW;T5;Afname;Basistarief Proportionele Term;EUR/kWh;0.0004592
FW;T5;Afname;Basistarief Capaciteit;EUR/maxcap/jaar;2.3926210
FW;T5;Afname;Databeheer AMR;EUR/jaar;57.65
FW;T5;Afname;Databeheer MMR;EUR/jaar;0
FW;T5;Afname;Databeheer Jaaropname;EUR/jaar;0
FW;T5;Afname;Openbaredienstverplichting;EUR/kWh;0
FW;T5;Afname;Pensioenen;EUR/kWh;0.0000496
FW;T5;Afname;Heffingen;EUR/kWh;0.0000121
FW;T6;Afname;Basistarief Vaste Term;EUR/jaar;0
FW;T6;Afname;Basistarief Proportionele Term;EUR/kWh;0.0003759
FW;T6;Afname;Basistarief Capaciteit;EUR/maxcap/jaar;0.5757611
FW;T6;Afname;Databeheer AMR;EUR/jaar;57.65
FW;T6;Afname;Databeheer MMR;EUR/jaar;0
FW;T6;Afname;Databeheer Jaaropname;EUR/jaar;0
FW;T6;Afname;Openbaredienstverplichting;EUR/kWh;0
FW;T6;Afname;Pensioenen;EUR/kWh;0.0000098
FW;T6;Afname;Heffingen;EUR/kWh;0.0000024
FW;LD;Afname;Basistarief Vaste Term;EUR/jaar;0
FW;LD;Afname;Basistarief Proportionele Term;EUR/kWh;0.0007275
FW;LD;Afname;Basistarief Capaciteit;EUR/maxcap/jaar;0
FW;LD;Afname;Databeheer AMR;EUR/jaar;0
FW;LD;Afname;Databeheer MMR;EUR/jaar;0
FW;LD;Afname;Databeheer Jaaropname;EUR/jaar;0
FW;LD;Afname;Openbaredienstverplichting;EUR/kWh;0
FW;LD;Afname;Pensioenen;EUR/kWh;0
FW;LD;Afname;Heffingen;EUR/kWh;0
FW;MD;Afname;Basistarief Vaste Term;EUR/jaar;0
FW;MD;Afname;Basistarief Proportionele Term;EUR/kWh;0.0005387
FW;MD;Afname;Basistarief Capaciteit;EUR/maxcap/jaar;0
FW;MD;Afname;Databeheer AMR;EUR/jaar;0
FW;MD;Afname;Databeheer MMR;EUR/jaar;0
FW;MD;Afname;Databeheer Jaaropname;EUR/jaar;0
FW;MD;Afname;Openbaredienstverplichting;EUR/kWh;0
FW;MD;Afname;Pensioenen;EUR/kWh;0
FW;MD;Afname;Heffingen;EUR/kWh;0
FZD;T1;Afname;Basistarief Vaste Term;EUR/jaar;17.36
FZD;T1;Afname;Basistarief Proportionele Term;EUR/kWh;0.0241102
FZD;T1;Afname;Basistarief Capaciteit;EUR/maxcap/jaar;0
FZD;T1;Afname;Databeheer AMR;EUR/jaar;0
FZD;T1;Afname;Databeheer MMR;EUR/jaar;57.65
FZD;T1;Afname;Databeheer Jaaropname;EUR/jaar;17.85
FZD;T1;Afname;Openbaredienstverplichting;EUR/kWh;0.000148
FZD;T1;Afname;Pensioenen;EUR/kWh;0.0002289
FZD;T1;Afname;Heffingen;EUR/kWh;0.000065
FZD;T1;Injectie;Databeheer AMR;EUR/jaar;57.65
FZD;T1;Injectie;Systeembeheer;EUR/kWh;0.000963
FZD;T2;Afname;Basistarief Vaste Term;EUR/jaar;92.19
FZD;T2;Afname;Basistarief Proportionele Term;EUR/kWh;0.0091476
FZD;T2;Afname;Basistarief Capaciteit;EUR/maxcap/jaar;0
FZD;T2;Afname;Databeheer AMR;EUR/jaar;0
FZD;T2;Afname;Databeheer MMR;EUR/jaar;57.65
FZD;T2;Afname;Databeheer Jaaropname;EUR/jaar;17.85
FZD;T2;Afname;Openbaredienstverplichting;EUR/kWh;0.000148
FZD;T2;Afname;Pensioenen;EUR/kWh;0.0002289
FZD;T2;Afname;Heffingen;EUR/kWh;0.000065
FZD;T3;Afname;Basistarief Vaste Term;EUR/jaar;623.25
FZD;T3;Afname;Basistarief Proportionele Term;EUR/kWh;0.0056072
FZD;T3;Afname;Basistarief Capaciteit;EUR/maxcap/jaar;0
FZD;T3;Afname;Databeheer AMR;EUR/jaar;0
FZD;T3;Afname;Databeheer MMR;EUR/jaar;57.65
FZD;T3;Afname;Databeheer Jaaropname;EUR/jaar;17.85
FZD;T3;Afname;Openbaredienstverplichting;EUR/kWh;0.000148
FZD;T3;Afname;Pensioenen;EUR/kWh;0.0002289
FZD;T3;Afname;Heffingen;EUR/kWh;0.000065
FZD;T4;Afname;Basistarief Vaste Term;EUR/jaar;5786.2
FZD;T4;Afname;Basistarief Proportionele Term;EUR/kWh;0.0004442
FZD;T4;Afname;Basistarief Capaciteit;EUR/maxcap/jaar;0
FZD;T4;Afname;Databeheer AMR;EUR/jaar;0
FZD;T4;Afname;Databeheer MMR;EUR/jaar;57.65
FZD;T4;Afname;Databeheer Jaaropname;EUR/jaar;17.85
FZD;T4;Afname;Openbaredienstverplichting;EUR/kWh;0
FZD;T4;Afname;Pensioenen;EUR/kWh;0.000046
FZD;T4;Afname;Heffingen;EUR/kWh;0.0000131
FZD;T5;Afname;Basistarief Vaste Term;EUR/jaar;0
FZD;T5;Afname;Basistarief Proportionele Term;EUR/kWh;0.0004442
FZD;T5;Afname;Basistarief Capaciteit;EUR/maxcap/jaar;2.3144801
FZD;T5;Afname;Databeheer AMR;EUR/jaar;57.65
FZD;T5;Afname;Databeheer MMR;EUR/jaar;0
FZD;T5;Afname;Databeheer Jaaropname;EUR/jaar;0
FZD;T5;Afname;Openbaredienstverplichting;EUR/kWh;0
FZD;T5;Afname;Pensioenen;EUR/kWh;0.000046
FZD;T5;Afname;Heffingen;EUR/kWh;0.0000131
FZD;T6;Afname;Basistarief Vaste Term;EUR/jaar;0
FZD;T6;Afname;Basistarief Proportionele Term;EUR/kWh;0.0003636
FZD;T6;Afname;Basistarief Capaciteit;EUR/maxcap/jaar;0.5569573
FZD;T6;Afname;Databeheer AMR;EUR/jaar;57.65
FZD;T6;Afname;Databeheer MMR;EUR/jaar;0
FZD;T6;Afname;Databeheer Jaaropname;EUR/jaar;0
FZD;T6;Afname;Openbaredienstverplichting;EUR/kWh;0
FZD;T6;Afname;Pensioenen;EUR/kWh;0.0000087
FZD;T6;Afname;Heffingen;EUR/kWh;0.0000025
FZD;LD;Afname;Basistarief Vaste Term;EUR/jaar;0
FZD;LD;Afname;Basistarief Proportionele Term;EUR/kWh;0.0007275
FZD;LD;Afname;Basistarief Capaciteit;EUR/maxcap/jaar;0
FZD;LD;Afname;Databeheer AMR;EUR/jaar;0
FZD;LD;Afname;Databeheer MMR;EUR/jaar;0
FZD;LD;Afname;Databeheer Jaaropname;EUR/jaar;0
FZD;LD;Afname;Openbaredienstverplichting;EUR/kWh;0
FZD;LD;Afname;Pensioenen;EUR/kWh;0
FZD;LD;Afname;Heffingen;EUR/kWh;0
FZD;MD;Afname;Basistarief Vaste Term;EUR/jaar;0
FZD;MD;Afname;Basistarief Proportionele Term;EUR/kWh;0.0005387
FZD;MD;Afname;Basistarief Capaciteit;EUR/maxcap/jaar;0
FZD;MD;Afname;Databeheer AMR;EUR/jaar;0
FZD;MD;Afname;Databeheer MMR;EUR/jaar;0
FZD;MD;Afname;Databeheer Jaaropname;EUR/jaar;0
FZD;MD;Afname;Openbaredienstverplichting;EUR/kWh;0
FZD;MD;Afname;Pensioenen;EUR/kWh;0
FZD;MD;Afname;Heffingen;EUR/kWh;0
