Netbeheerder;Klanttype;Contracttype;Tarieftype;Tariefdetail;Tariefnotering;Prijs
FA;ELEK_HS1;Afname;Tarieven voor netgebruik;Toegangsvermogen;EUR/kVA/maand;3.4701054
FA;ELEK_HS1;Afname;Tarieven voor netgebruik;Toegangsvermogen;EUR/kVA/jaar;41.6412648
FA;ELEK_HS1;Afname;Tarieven voor netgebruik;Maandpiek;EUR/kVA/maand;4.7370841
FA;ELEK_HS1;Afname;Tarieven voor netgebruik;Maandpiek;EUR/kVA/jaar;56.8450092
FA;ELEK_HS1;Afname;Tarieven voor netgebruik;Overschrijding toegangsvermogen;EUR/kVA/maand;5.2051582
FA;ELEK_HS1;Afname;Tarieven voor netgebruik;Overschrijding toegangsvermogen;EUR/kVA/jaar;62.4618984
FA;ELEK_HS1;Afname;Tarieven voor de aanvullende afname van reactieve energie;Tarief voor overschrijding forfaitair toegelaten hoeveelheid;EUR/kVArh;0.0134149
FA;ELEK_HS1;Afname;Tarieven voor het databeheer;26-36 kV, 1-26 kV, distributiecabine;EUR/jaar;57.65
FA;ELEK_HS1;Afname;Tarieven voor de openbaredienstverplichtingen;kWh-tarief normaal;EUR/kWh;0.0004587
FA;ELEK_HS1;Afname;Tarieven voor de toeslagen;Tarieven voor de toeslagen;EUR/kWh;0.0000282
FA;ELEK_HS1;Afname;Maximumtarief;Maximumtarief;EUR/kWh;0.0596319
FA;ELEK_HS1;Injectie;Tarief voor het netgebruik;Tarief voor het netgebruik;EUR/kWh;0.0017510
FA;ELEK_HS1;Injectie;Tarief databeheer;26-36 kV, 1-26 kV, distributiecabine;EUR/jaar;57.65
FA;ELEK_HS2;Afname;Tarieven voor netgebruik;Toegangsvermogen;EUR/kVA/maand;2.8048556
FA;ELEK_HS2;Afname;Tarieven voor netgebruik;Toegangsvermogen;EUR/kVA/jaar;33.6582672
FA;ELEK_HS2;Afname;Tarieven voor netgebruik;Maandpiek;EUR/kVA/maand;4.5252978
FA;ELEK_HS2;Afname;Tarieven voor netgebruik;Maandpiek;EUR/kVA/jaar;54.3035736
FA;ELEK_HS2;Afname;Tarieven voor netgebruik;Overschrijding toegangsvermogen;EUR/kVA/maand;4.2072833
FA;ELEK_HS2;Afname;Tarieven voor netgebruik;Overschrijding toegangsvermogen;EUR/kVA/jaar;50.4873996
FA;ELEK_HS2;Afname;Tarieven voor de aanvullende afname van reactieve energie;Tarief voor overschrijding forfaitair toegelaten hoeveelheid;EUR/kVArh;0.0134149
FA;ELEK_HS2;Afname;Tarieven voor het databeheer;26-36 kV, 1-26 kV, distributiecabine;EUR/jaar;57.65
FA;ELEK_HS2;Afname;Tarieven voor de openbaredienstverplichtingen;kWh-tarief normaal;EUR/kWh;0.0038921
FA;ELEK_HS2;Afname;Tarieven voor de toeslagen;Tarieven voor de toeslagen;EUR/kWh;0.0002446
FA;ELEK_HS2;Afname;Maximumtarief;Maximumtarief;EUR/kWh;0.1508082
FA;ELEK_HS2;Injectie;Tarief voor het netgebruik;Tarief voor het netgebruik;EUR/kWh;0.0017510
FA;ELEK_HS2;Injectie;Tarief databeheer;26-36 kV, 1-26 kV, distributiecabine;EUR/jaar;57.65
FA;ELEK_MS1;Afname;Tarieven voor netgebruik;Toegangsvermogen;EUR/kVA/maand;3.4701054
FA;ELEK_MS1;Afname;Tarieven voor netgebruik;Toegangsvermogen;EUR/kVA/jaar;41.6412648
FA;ELEK_MS1;Afname;Tarieven voor netgebruik;Maandpiek;EUR/kVA/maand;4.7370841
FA;ELEK_MS1;Afname;Tarieven voor netgebruik;Maandpiek;EUR/kVA/jaar;56.8450092
FA;ELEK_MS1;Afname;Tarieven voor netgebruik;Overschrijding toegangsvermogen;EUR/kVA/maand;5.2051582
FA;ELEK_MS1;Afname;Tarieven voor netgebruik;Overschrijding toegangsvermogen;EUR/kVA/jaar;62.4618984
FA;ELEK_MS1;Afname;Tarieven voor de aanvullende afname van reactieve energie;Tarief voor overschrijding forfaitair toegelaten hoeveelheid;EUR/kVArh;0.0134149
FA;ELEK_MS1;Afname;Tarieven voor het databeheer;26-36 kV, 1-26 kV, distributiecabine;EUR/jaar;57.65
FA;ELEK_MS1;Afname;Tarieven voor de openbaredienstverplichtingen;kWh-tarief normaal;EUR/kWh;0.0004587
FA;ELEK_MS1;Afname;Tarieven voor de toeslagen;Tarieven voor de toeslagen;EUR/kWh;0.0000282
FA;ELEK_MS1;Afname;Maximumtarief;Maximumtarief;EUR/kWh;0.0596319
FA;ELEK_MS1;Injectie;Tarief voor het netgebruik;Tarief voor het netgebruik;EUR/kWh;0.0017510
FA;ELEK_MS1;Injectie;Tarief databeheer;26-36 kV, 1-26 kV, distributiecabine;EUR/jaar;57.65
FA;ELEK_MS2;Afname;Tarieven voor netgebruik;Toegangsvermogen;EUR/kVA/maand;2.8048556
FA;ELEK_MS2;Afname;Tarieven voor netgebruik;Toegangsvermogen;EUR/kVA/jaar;33.6582672
FA;ELEK_MS2;Afname;Tarieven voor netgebruik;Maandpiek;EUR/kVA/maand;4.5252978
FA;ELEK_MS2;Afname;Tarieven voor netgebruik;Maandpiek;EUR/kVA/jaar;54.3035736
FA;ELEK_MS2;Afname;Tarieven voor netgebruik;Overschrijding toegangsvermogen;EUR/kVA/maand;4.2072833
FA;ELEK_MS2;Afname;Tarieven voor netgebruik;Overschrijding toegangsvermogen;EUR/kVA/jaar;50.4873996
FA;ELEK_MS2;Afname;Tarieven voor de aanvullende afname van reactieve energie;Tarief voor overschrijding forfaitair toegelaten hoeveelheid;EUR/kVArh;0.0134149
FA;ELEK_MS2;Afname;Tarieven voor het databeheer;26-36 kV, 1-26 kV, distributiecabine;EUR/jaar;57.65
FA;ELEK_MS2;Afname;Tarieven voor de openbaredienstverplichtingen;kWh-tarief normaal;EUR/kWh;0.0038921
FA;ELEK_MS2;Afname;Tarieven voor de toeslagen;Tarieven voor de toeslagen;EUR/kWh;0.0002446
FA;ELEK_MS2;Afname;Maximumtarief;Maximumtarief;EUR/kWh;0.1508082
FA;ELEK_MS2;Injectie;Tarief voor het netgebruik;Tarief voor het netgebruik;EUR/kWh;0.0017510
FA;ELEK_MS2;Injectie;Tarief databeheer;26-36 kV, 1-26 kV, distributiecabine;EUR/jaar;57.65
FA;ELEK_LS_DC;Afname;Tarieven voor netgebruik;Toegangsvermogen;EUR/kVA/maand;4.2441798
FA;ELEK_LS_DC;Afname;Tarieven voor netgebruik;Toegangsvermogen;EUR/kVA/jaar;50.9301576
FA;ELEK_LS_DC;Afname;Tarieven voor netgebruik;Maandpiek;EUR/kVA/maand;6.5594279
FA;ELEK_LS_DC;Afname;Tarieven voor netgebruik;Maandpiek;EUR/kVA/jaar;78.7131348
FA;ELEK_LS_DC;Afname;Tarieven voor netgebruik;Overschrijding toegangsvermogen;EUR/kVA/maand;6.3662698
FA;ELEK_LS_DC;Afname;Tarieven voor netgebruik;Overschrijding toegangsvermogen;EUR/kVA/jaar;76.3952376
FA;ELEK_LS_DC;Afname;Tarieven voor de aanvullende afname van reactieve energie;Tarief voor overschrijding forfaitair toegelaten hoeveelheid;EUR/kVArh;0.0134149
FA;ELEK_LS_DC;Afname;Tarieven voor het databeheer;26-36 kV, 1-26 kV, distributiecabine;EUR/jaar;57.65
FA;ELEK_LS_DC;Afname;Tarieven voor de openbaredienstverplichtingen;kWh-tarief normaal;EUR/kWh;0.0044866
FA;ELEK_LS_DC;Afname;Tarieven voor de openbaredienstverplichtingen;kWh-tarief exclusief nacht;EUR/kWh;0.0035893
FA;ELEK_LS_DC;Afname;Tarieven voor de toeslagen;Tarieven voor de toeslagen;EUR/kWh;0.0002820
FA;ELEK_LS_DC;Afname;Maximumtarief;Maximumtarief;EUR/kWh;0.1557427
FA;ELEK_LS_DC;Injectie;Tarief voor het netgebruik;Tarief voor het netgebruik;EUR/kWh;0.0017510
FA;ELEK_LS_DC;Injectie;Tarief databeheer;26-36 kV, 1-26 kV, distributiecabine;EUR/jaar;57.65
FA;ELEK_LS_DIGI;Afname;Tarieven voor netgebruik;Gemiddelde maandpiek;EUR/kW/jaar;49.4036563
FA;ELEK_LS_DIGI;Afname;Tarieven voor netgebruik;Gemiddelde maandpiek;EUR/kW/maand;4.1169714
FA;ELEK_LS_DIGI;Afname;Tarieven voor netgebruik;kWh-tarief;EUR/kW;0.0234492
FA;ELEK_LS_DIGI;Afname;Tarieven voor het databeheer;Laagspanningnet;EUR/jaar;17.85
FA;ELEK_LS_DIGI;Afname;Tarieven voor de openbaredienstverplichtingen;kWh-tarief normaal;EUR/kWh;0.0254845
FA;ELEK_LS_DIGI;Afname;Tarieven voor de openbaredienstverplichtingen;kWh-tarief exclusief nacht;EUR/kWh;0.0203876
FA;ELEK_LS_DIGI;Afname;Tarieven voor de toeslagen;Tarieven voor de toeslagen;EUR/kWh;0.0015690
FA;ELEK_LS_DIGI;Afname;Maximumtarief;Maximumtarief;EUR/kWh;0.3276168
FA;ELEK_LS_DIGI;Injectie;Tarief voor het netgebruik;Tarief voor het netgebruik;EUR/kWh;0.0017510
FA;ELEK_LS_DIGI;Injectie;Tarief databeheer;Laagspanningnet;EUR/jaar;57.65
FA;ELEK_LS_ANA;Afname;Tarieven voor netgebruik;Vaste term;EUR/jaar;123.51
FA;ELEK_LS_ANA;Afname;Tarieven voor netgebruik;Vaste term;EUR/kWh;0.0492427
FA;ELEK_LS_ANA;Afname;Tarieven voor het databeheer;Laagspanningnet;EUR/jaar;17.85
FA;ELEK_LS_ANA;Afname;Tarieven voor de openbaredienstverplichtingen;kWh-tarief normaal;EUR/kWh;0.0254845
FA;ELEK_LS_ANA;Afname;Tarieven voor de openbaredienstverplichtingen;kWh-tarief exclusief nacht;EUR/kWh;0.0203876
FA;ELEK_LS_ANA;Afname;Tarieven voor de toeslagen;Tarieven voor de toeslagen;EUR/kWh;0.0015690
FA;ELEK_LS_ANA;Injectie;Tarief voor het netgebruik;Tarief voor het netgebruik;EUR/kWh;0.0017510
FA;ELEK_LS_ANA;Injectie;Tarief databeheer;Laagspanningnet;EUR/jaar;57.65
FA;ELEK_LS_ANA_PRO;Afname;Tarieven voor netgebruik;Vaste term;EUR/jaar;123.51
FA;ELEK_LS_ANA_PRO;Afname;Tarieven voor netgebruik;Vaste term;EUR/kWh;0.0492427
FA;ELEK_LS_ANA_PRO;Afname;Tarieven voor het databeheer;Laagspanningnet;EUR/jaar;17.85
FA;ELEK_LS_ANA_PRO;Afname;Tarieven voor de openbaredienstverplichtingen;kWh-tarief normaal;EUR/kWh;0.0254845
FA;ELEK_LS_ANA_PRO;Afname;Tarieven voor de openbaredienstverplichtingen;kWh-tarief exclusief nacht;EUR/kWh;0.0203876
FA;ELEK_LS_ANA_PRO;Afname;Tarieven voor de toeslagen;Tarieven voor de toeslagen;EUR/kWh;0.0015690
FA;ELEK_LS_ANA_PRO;Afname;Aanvullend capaciteitstarief voor prosumenten met terugdraaiende teller;Aanvullend capaciteitstarief voor prosumenten met terugdraaiende teller;EUR/kW/jaar;51.54
FA;ELEK_LS_ANA_PRO;Injectie;Tarief voor het netgebruik;Tarief voor het netgebruik;EUR/kWh;0.0017510
FA;ELEK_LS_ANA_PRO;Injectie;Tarief databeheer;Laagspanningnet;EUR/jaar;57.65
FHV;ELEK_HS1;Afname;Tarieven voor netgebruik;Toegangsvermogen;EUR/kVA/maand;2.1609100
FHV;ELEK_HS1;Afname;Tarieven voor netgebruik;Toegangsvermogen;EUR/kVA/jaar;25.9309200
FHV;ELEK_HS1;Afname;Tarieven voor netgebruik;Maandpiek;EUR/kVA/maand;4.7872425
FHV;ELEK_HS1;Afname;Tarieven voor netgebruik;Maandpiek;EUR/kVA/jaar;57.4469100
FHV;ELEK_HS1;Afname;Tarieven voor netgebruik;Overschrijding toegangsvermogen;EUR/kVA/maand;3.2413650
FHV;ELEK_HS1;Afname;Tarieven voor netgebruik;Overschrijding toegangsvermogen;EUR/kVA/jaar;38.8963800
FHV;ELEK_HS1;Afname;Tarieven voor de aanvullende afname van reactieve energie;Tarief voor overschrijding forfaitair toegelaten hoeveelheid;EUR/kVArh;0.0134149
FHV;ELEK_HS1;Afname;Tarieven voor het databeheer;26-36 kV, 1-26 kV, distributiecabine;EUR/jaar;57.65
FHV;ELEK_HS1;Afname;Tarieven voor de openbaredienstverplichtingen;kWh-tarief normaal;EUR/kWh;0.0003640
FHV;ELEK_HS1;Afname;Tarieven voor de toeslagen;Tarieven voor de toeslagen;EUR/kWh;0.0000302
FHV;ELEK_HS1;Afname;Maximumtarief;Maximumtarief;EUR/kWh;0.0596319
FHV;ELEK_HS1;Injectie;Tarief voor het netgebruik;Tarief voor het netgebruik;EUR/kWh;0.0017510
FHV;ELEK_HS1;Injectie;Tarief databeheer;26-36 kV, 1-26 kV, distributiecabine;EUR/jaar;57.65
FHV;ELEK_HS2;Afname;Tarieven voor netgebruik;Toegangsvermogen;EUR/kVA/maand;3.0925841
FHV;ELEK_HS2;Afname;Tarieven voor netgebruik;Toegangsvermogen;EUR/kVA/jaar;37.1110092
FHV;ELEK_HS2;Afname;Tarieven voor netgebruik;Maandpiek;EUR/kVA/maand;5.0116266
FHV;ELEK_HS2;Afname;Tarieven voor netgebruik;Maandpiek;EUR/kVA/jaar;60.1395192
FHV;ELEK_HS2;Afname;Tarieven voor netgebruik;Overschrijding toegangsvermogen;EUR/kVA/maand;4.6388762
FHV;ELEK_HS2;Afname;Tarieven voor netgebruik;Overschrijding toegangsvermogen;EUR/kVA/jaar;55.6665144
FHV;ELEK_HS2;Afname;Tarieven voor de aanvullende afname van reactieve energie;Tarief voor overschrijding forfaitair toegelaten hoeveelheid;EUR/kVArh;0.0134149
FHV;ELEK_HS2;Afname;Tarieven voor het databeheer;26-36 kV, 1-26 kV, distributiecabine;EUR/jaar;57.65
FHV;ELEK_HS2;Afname;Tarieven voor de openbaredienstverplichtingen;kWh-tarief normaal;EUR/kWh;0.0038645
FHV;ELEK_HS2;Afname;Tarieven voor de toeslagen;Tarieven voor de toeslagen;EUR/kWh;0.0002753
FHV;ELEK_HS2;Afname;Maximumtarief;Maximumtarief;EUR/kWh;0.1508082
FHV;ELEK_HS2;Injectie;Tarief voor het netgebruik;Tarief voor het netgebruik;EUR/kWh;0.0017510
FHV;ELEK_HS2;Injectie;Tarief databeheer;26-36 kV, 1-26 kV, distributiecabine;EUR/jaar;57.65
FHV;ELEK_MS1;Afname;Tarieven voor netgebruik;Toegangsvermogen;EUR/kVA/maand;2.1609100
FHV;ELEK_MS1;Afname;Tarieven voor netgebruik;Toegangsvermogen;EUR/kVA/jaar;25.9309200
FHV;ELEK_MS1;Afname;Tarieven voor netgebruik;Maandpiek;EUR/kVA/maand;4.7872425
FHV;ELEK_MS1;Afname;Tarieven voor netgebruik;Maandpiek;EUR/kVA/jaar;57.4469100
FHV;ELEK_MS1;Afname;Tarieven voor netgebruik;Overschrijding toegangsvermogen;EUR/kVA/maand;3.2413650
FHV;ELEK_MS1;Afname;Tarieven voor netgebruik;Overschrijding toegangsvermogen;EUR/kVA/jaar;38.8963800
FHV;ELEK_MS1;Afname;Tarieven voor de aanvullende afname van reactieve energie;Tarief voor overschrijding forfaitair toegelaten hoeveelheid;EUR/kVArh;0.0134149
FHV;ELEK_MS1;Afname;Tarieven voor het databeheer;26-36 kV, 1-26 kV, distributiecabine;EUR/jaar;57.65
FHV;ELEK_MS1;Afname;Tarieven voor de openbaredienstverplichtingen;kWh-tarief normaal;EUR/kWh;0.0003640
FHV;ELEK_MS1;Afname;Tarieven voor de toeslagen;Tarieven voor de toeslagen;EUR/kWh;0.0000302
FHV;ELEK_MS1;Afname;Maximumtarief;Maximumtarief;EUR/kWh;0.0596319
FHV;ELEK_MS1;Injectie;Tarief voor het netgebruik;Tarief voor het netgebruik;EUR/kWh;0.0017510
FHV;ELEK_MS1;Injectie;Tarief databeheer;26-36 kV, 1-26 kV, distributiecabine;EUR/jaar;57.65
FHV;ELEK_MS2;Afname;Tarieven voor netgebruik;Toegangsvermogen;EUR/kVA/maand;3.0925841
FHV;ELEK_MS2;Afname;Tarieven voor netgebruik;Toegangsvermogen;EUR/kVA/jaar;37.1110092
FHV;ELEK_MS2;Afname;Tarieven voor netgebruik;Maandpiek;EUR/kVA/maand;5.0116266
FHV;ELEK_MS2;Afname;Tarieven voor netgebruik;Maandpiek;EUR/kVA/jaar;60.1395192
FHV;ELEK_MS2;Afname;Tarieven voor netgebruik;Overschrijding toegangsvermogen;EUR/kVA/maand;4.6388762
FHV;ELEK_MS2;Afname;Tarieven voor netgebruik;Overschrijding toegangsvermogen;EUR/kVA/jaar;55.6665144
FHV;ELEK_MS2;Afname;Tarieven voor de aanvullende afname van reactieve energie;Tarief voor overschrijding forfaitair toegelaten hoeveelheid;EUR/kVArh;0.0134149
FHV;ELEK_MS2;Afname;Tarieven voor het databeheer;26-36 kV, 1-26 kV, distributiecabine;EUR/jaar;57.65
FHV;ELEK_MS2;Afname;Tarieven voor de openbaredienstverplichtingen;kWh-tarief normaal;EUR/kWh;0.0038645
FHV;ELEK_MS2;Afname;Tarieven voor de toeslagen;Tarieven voor de toeslagen;EUR/kWh;0.0002753
FHV;ELEK_MS2;Afname;Maximumtarief;Maximumtarief;EUR/kWh;0.1508082
FHV;ELEK_MS2;Injectie;Tarief voor het netgebruik;Tarief voor het netgebruik;EUR/kWh;0.0017510
FHV;ELEK_MS2;Injectie;Tarief databeheer;26-36 kV, 1-26 kV, distributiecabine;EUR/jaar;57.65
FHV;ELEK_LS_DC;Afname;Tarieven voor netgebruik;Toegangsvermogen;EUR/kVA/maand;3.8969358
FHV;ELEK_LS_DC;Afname;Tarieven voor netgebruik;Toegangsvermogen;EUR/kVA/jaar;46.7632296
FHV;ELEK_LS_DC;Afname;Tarieven voor netgebruik;Maandpiek;EUR/kVA/maand;6.3262312
FHV;ELEK_LS_DC;Afname;Tarieven voor netgebruik;Maandpiek;EUR/kVA/jaar;75.9147744
FHV;ELEK_LS_DC;Afname;Tarieven voor netgebruik;Overschrijding toegangsvermogen;EUR/kVA/maand;5.8454038
FHV;ELEK_LS_DC;Afname;Tarieven voor netgebruik;Overschrijding toegangsvermogen;EUR/kVA/jaar;70.1448456
FHV;ELEK_LS_DC;Afname;Tarieven voor de aanvullende afname van reactieve energie;Tarief voor overschrijding forfaitair toegelaten hoeveelheid;EUR/kVArh;0.0134149
FHV;ELEK_LS_DC;Afname;Tarieven voor het databeheer;26-36 kV, 1-26 kV, distributiecabine;EUR/jaar;57.65
FHV;ELEK_LS_DC;Afname;Tarieven voor de openbaredienstverplichtingen;kWh-tarief normaal;EUR/kWh;0.0047181
FHV;ELEK_LS_DC;Afname;Tarieven voor de openbaredienstverplichtingen;kWh-tarief exclusief nacht;EUR/kWh;0.0037745
FHV;ELEK_LS_DC;Afname;Tarieven voor de toeslagen;Tarieven voor de toeslagen;EUR/kWh;0.0003361
FHV;ELEK_LS_DC;Afname;Maximumtarief;Maximumtarief;EUR/kWh;0.1557427
FHV;ELEK_LS_DC;Injectie;Tarief voor het netgebruik;Tarief voor het netgebruik;EUR/kWh;0.0017510
FHV;ELEK_LS_DC;Injectie;Tarief databeheer;26-36 kV, 1-26 kV, distributiecabine;EUR/jaar;57.65
FHV;ELEK_LS_DIGI;Afname;Tarieven voor netgebruik;Gemiddelde maandpiek;EUR/kW/jaar;56.0428955
FHV;ELEK_LS_DIGI;Afname;Tarieven voor netgebruik;Gemiddelde maandpiek;EUR/kW/maand;4.6702413
FHV;ELEK_LS_DIGI;Afname;Tarieven voor netgebruik;kWh-tarief;EUR/kW;0.0270335
FHV;ELEK_LS_DIGI;Afname;Tarieven voor het databeheer;Laagspanningnet;EUR/jaar;17.85
FHV;ELEK_LS_DIGI;Afname;Tarieven voor de openbaredienstverplichtingen;kWh-tarief normaal;EUR/kWh;0.0244354
FHV;ELEK_LS_DIGI;Afname;Tarieven voor de openbaredienstverplichtingen;kWh-tarief exclusief nacht;EUR/kWh;0.0195483
FHV;ELEK_LS_DIGI;Afname;Tarieven voor de toeslagen;Tarieven voor de toeslagen;EUR/kWh;0.0017081
FHV;ELEK_LS_DIGI;Afname;Maximumtarief;Maximumtarief;EUR/kWh;0.3276168
FHV;ELEK_LS_DIGI;Injectie;Tarief voor het netgebruik;Tarief voor het netgebruik;EUR/kWh;0.0017510
FHV;ELEK_LS_DIGI;Injectie;Tarief databeheer;Laagspanningnet;EUR/jaar;57.65
FHV;ELEK_LS_ANA;Afname;Tarieven voor netgebruik;Vaste term;EUR/jaar;140.11
FHV;ELEK_LS_ANA;Afname;Tarieven voor netgebruik;Vaste term;EUR/kWh;0.0613583
FHV;ELEK_LS_ANA;Afname;Tarieven voor het databeheer;Laagspanningnet;EUR/jaar;17.85
FHV;ELEK_LS_ANA;Afname;Tarieven voor de openbaredienstverplichtingen;kWh-tarief normaal;EUR/kWh;0.0244354
FHV;ELEK_LS_ANA;Afname;Tarieven voor de openbaredienstverplichtingen;kWh-tarief exclusief nacht;EUR/kWh;0.0195483
FHV;ELEK_LS_ANA;Afname;Tarieven voor de toeslagen;Tarieven voor de toeslagen;EUR/kWh;0.0017081
FHV;ELEK_LS_ANA;Injectie;Tarief voor het netgebruik;Tarief voor het netgebruik;EUR/kWh;0.0017510
FHV;ELEK_LS_ANA;Injectie;Tarief databeheer;Laagspanningnet;EUR/jaar;57.65
FHV;ELEK_LS_ANA_PRO;Afname;Tarieven voor netgebruik;Vaste term;EUR/jaar;140.11
FHV;ELEK_LS_ANA_PRO;Afname;Tarieven voor netgebruik;Vaste term;EUR/kWh;0.0613583
FHV;ELEK_LS_ANA_PRO;Afname;Tarieven voor het databeheer;Laagspanningnet;EUR/jaar;17.85
FHV;ELEK_LS_ANA_PRO;Afname;Tarieven voor de openbaredienstverplichtingen;kWh-tarief normaal;EUR/kWh;0.0244354
FHV;ELEK_LS_ANA_PRO;Afname;Tarieven voor de openbaredienstverplichtingen;kWh-tarief exclusief nacht;EUR/kWh;0.0195483
FHV;ELEK_LS_ANA_PRO;Afname;Tarieven voor de toeslagen;Tarieven voor de toeslagen;EUR/kWh;0.0017081
FHV;ELEK_LS_ANA_PRO;Afname;Aanvullend capaciteitstarief voor prosumenten met terugdraaiende teller;Aanvullend capaciteitstarief voor prosumenten met terugdraaiende teller;EUR/kW/jaar;59.11
FHV;ELEK_LS_ANA_PRO;Injectie;Tarief voor het netgebruik;Tarief voor het netgebruik;EUR/kWh;0.0017510
FHV;ELEK_LS_ANA_PRO;Injectie;Tarief databeheer;Laagspanningnet;EUR/jaar;57.65
FI;ELEK_HS1;Afname;Tarieven voor netgebruik;Toegangsvermogen;EUR/kVA/maand;3.2898172
FI;ELEK_HS1;Afname;Tarieven voor netgebruik;Toegangsvermogen;EUR/kVA/jaar;39.4778064
FI;ELEK_HS1;Afname;Tarieven voor netgebruik;Maandpiek;EUR/kVA/maand;3.8726519
FI;ELEK_HS1;Afname;Tarieven voor netgebruik;Maandpiek;EUR/kVA/jaar;46.4718228
FI;ELEK_HS1;Afname;Tarieven voor netgebruik;Overschrijding toegangsvermogen;EUR/kVA/maand;4.9347258
FI;ELEK_HS1;Afname;Tarieven voor netgebruik;Overschrijding toegangsvermogen;EUR/kVA/jaar;59.2167096
FI;ELEK_HS1;Afname;Tarieven voor de aanvullende afname van reactieve energie;Tarief voor overschrijding forfaitair toegelaten hoeveelheid;EUR/kVArh;0.0134149
FI;ELEK_HS1;Afname;Tarieven voor het databeheer;26-36 kV, 1-26 kV, distributiecabine;EUR/jaar;57.65
FI;ELEK_HS1;Afname;Tarieven voor de openbaredienstverplichtingen;kWh-tarief normaal;EUR/kWh;0.0003588
FI;ELEK_HS1;Afname;Tarieven voor de toeslagen;Tarieven voor de toeslagen;EUR/kWh;0.0000169
FI;ELEK_HS1;Afname;Maximumtarief;Maximumtarief;EUR/kWh;0.0596319
FI;ELEK_HS1;Injectie;Tarief voor het netgebruik;Tarief voor het netgebruik;EUR/kWh;0.0017510
FI;ELEK_HS1;Injectie;Tarief databeheer;26-36 kV, 1-26 kV, distributiecabine;EUR/jaar;57.65
FI;ELEK_HS2;Afname;Tarieven voor netgebruik;Toegangsvermogen;EUR/kVA/maand;3.0088265
FI;ELEK_HS2;Afname;Tarieven voor netgebruik;Toegangsvermogen;EUR/kVA/jaar;36.1059180
FI;ELEK_HS2;Afname;Tarieven voor netgebruik;Maandpiek;EUR/kVA/maand;4.5190749
FI;ELEK_HS2;Afname;Tarieven voor netgebruik;Maandpiek;EUR/kVA/jaar;54.2288988
FI;ELEK_HS2;Afname;Tarieven voor netgebruik;Overschrijding toegangsvermogen;EUR/kVA/maand;4.5132398
FI;ELEK_HS2;Afname;Tarieven voor netgebruik;Overschrijding toegangsvermogen;EUR/kVA/jaar;54.1588776
FI;ELEK_HS2;Afname;Tarieven voor de aanvullende afname van reactieve energie;Tarief voor overschrijding forfaitair toegelaten hoeveelheid;EUR/kVArh;0.0134149
FI;ELEK_HS2;Afname;Tarieven voor het databeheer;26-36 kV, 1-26 kV, distributiecabine;EUR/jaar;57.65
FI;ELEK_HS2;Afname;Tarieven voor de openbaredienstverplichtingen;kWh-tarief normaal;EUR/kWh;0.0037033
FI;ELEK_HS2;Afname;Tarieven voor de toeslagen;Tarieven voor de toeslagen;EUR/kWh;0.0002193
FI;ELEK_HS2;Afname;Maximumtarief;Maximumtarief;EUR/kWh;0.1508082
FI;ELEK_HS2;Injectie;Tarief voor het netgebruik;Tarief voor het netgebruik;EUR/kWh;0.0017510
FI;ELEK_HS2;Injectie;Tarief databeheer;26-36 kV, 1-26 kV, distributiecabine;EUR/jaar;57.65
FI;ELEK_MS1;Afname;Tarieven voor netgebruik;Toegangsvermogen;EUR/kVA/maand;3.2898172
FI;ELEK_MS1;Afname;Tarieven voor netgebruik;Toegangsvermogen;EUR/kVA/jaar;39.4778064
FI;ELEK_MS1;Afname;Tarieven voor netgebruik;Maandpiek;EUR/kVA/maand;3.8726519
FI;ELEK_MS1;Afname;Tarieven voor netgebruik;Maandpiek;EUR/kVA/jaar;46.4718228
FI;ELEK_MS1;Afname;Tarieven voor netgebruik;Overschrijding toegangsvermogen;EUR/kVA/maand;4.9347258
FI;ELEK_MS1;Afname;Tarieven voor netgebruik;Overschrijding toegangsvermogen;EUR/kVA/jaar;59.2167096
FI;ELEK_MS1;Afname;Tarieven voor de aanvullende afname van reactieve energie;Tarief voor overschrijding forfaitair toegelaten hoeveelheid;EUR/kVArh;0.0134149
FI;ELEK_MS1;Afname;Tarieven voor het databeheer;26-36 kV, 1-26 kV, distributiecabine;EUR/jaar;57.65
FI;ELEK_MS1;Afname;Tarieven voor de openbaredienstverplichtingen;kWh-tarief normaal;EUR/kWh;0.0003588
FI;ELEK_MS1;Afname;Tarieven voor de toeslagen;Tarieven voor de toeslagen;EUR/kWh;0.0000169
FI;ELEK_MS1;Afname;Maximumtarief;Maximumtarief;EUR/kWh;0.0596319
FI;ELEK_MS1;Injectie;Tarief voor het netgebruik;Tarief voor het netgebruik;EUR/kWh;0.0017510
FI;ELEK_MS1;Injectie;Tarief databeheer;26-36 kV, 1-26 kV, distributiecabine;EUR/jaar;57.65
FI;ELEK_MS2;Afname;Tarieven voor netgebruik;Toegangsvermogen;EUR/kVA/maand;3.0088265
FI;ELEK_MS2;Afname;Tarieven voor netgebruik;Toegangsvermogen;EUR/kVA/jaar;36.1059180
FI;ELEK_MS2;Afname;Tarieven voor netgebruik;Maandpiek;EUR/kVA/maand;4.5190749
FI;ELEK_MS2;Afname;Tarieven voor netgebruik;Maandpiek;EUR/kVA/jaar;54.2288988
FI;ELEK_MS2;Afname;Tarieven voor netgebruik;Overschrijding toegangsvermogen;EUR/kVA/maand;4.5132398
FI;ELEK_MS2;Afname;Tarieven voor netgebruik;Overschrijding toegangsvermogen;EUR/kVA/jaar;54.1588776
FI;ELEK_MS2;Afname;Tarieven voor de aanvullende afname van reactieve energie;Tarief voor overschrijding forfaitair toegelaten hoeveelheid;EUR/kVArh;0.0134149
FI;ELEK_MS2;Afname;Tarieven voor het databeheer;26-36 kV, 1-26 kV, distributiecabine;EUR/jaar;57.65
FI;ELEK_MS2;Afname;Tarieven voor de openbaredienstverplichtingen;kWh-tarief normaal;EUR/kWh;0.0037033
FI;ELEK_MS2;Afname;Tarieven voor de toeslagen;Tarieven voor de toeslagen;EUR/kWh;0.0002193
FI;ELEK_MS2;Afname;Maximumtarief;Maximumtarief;EUR/kWh;0.1508082
FI;ELEK_MS2;Injectie;Tarief voor het netgebruik;Tarief voor het netgebruik;EUR/kWh;0.0017510
FI;ELEK_MS2;Injectie;Tarief databeheer;26-36 kV, 1-26 kV, distributiecabine;EUR/jaar;57.65
FI;ELEK_LS_DC;Afname;Tarieven voor netgebruik;Toegangsvermogen;EUR/kVA/maand;4.2807326
FI;ELEK_LS_DC;Afname;Tarieven voor netgebruik;Toegangsvermogen;EUR/kVA/jaar;51.3687912
FI;ELEK_LS_DC;Afname;Tarieven voor netgebruik;Maandpiek;EUR/kVA/maand;6.6425362
FI;ELEK_LS_DC;Afname;Tarieven voor netgebruik;Maandpiek;EUR/kVA/jaar;79.7104344
FI;ELEK_LS_DC;Afname;Tarieven voor netgebruik;Overschrijding toegangsvermogen;EUR/kVA/maand;6.4210989
FI;ELEK_LS_DC;Afname;Tarieven voor netgebruik;Overschrijding toegangsvermogen;EUR/kVA/jaar;77.0531868
FI;ELEK_LS_DC;Afname;Tarieven voor de aanvullende afname van reactieve energie;Tarief voor overschrijding forfaitair toegelaten hoeveelheid;EUR/kVArh;0.0134149
FI;ELEK_LS_DC;Afname;Tarieven voor het databeheer;26-36 kV, 1-26 kV, distributiecabine;EUR/jaar;57.65
FI;ELEK_LS_DC;Afname;Tarieven voor de openbaredienstverplichtingen;kWh-tarief normaal;EUR/kWh;0.0044406
FI;ELEK_LS_DC;Afname;Tarieven voor de openbaredienstverplichtingen;kWh-tarief exclusief nacht;EUR/kWh;0.0035525
FI;ELEK_LS_DC;Afname;Tarieven voor de toeslagen;Tarieven voor de toeslagen;EUR/kWh;0.0002624
FI;ELEK_LS_DC;Afname;Maximumtarief;Maximumtarief;EUR/kWh;0.1557427
FI;ELEK_LS_DC;Injectie;Tarief voor het netgebruik;Tarief voor het netgebruik;EUR/kWh;0.0017510
FI;ELEK_LS_DC;Injectie;Tarief databeheer;26-36 kV, 1-26 kV, distributiecabine;EUR/jaar;57.65
FI;ELEK_LS_DIGI;Afname;Tarieven voor netgebruik;Gemiddelde maandpiek;EUR/kW/jaar;54.2009816
FI;ELEK_LS_DIGI;Afname;Tarieven voor netgebruik;Gemiddelde maandpiek;EUR/kW/maand;4.5167485
FI;ELEK_LS_DIGI;Afname;Tarieven voor netgebruik;kWh-tarief;EUR/kW;0.0259311
FI;ELEK_LS_DIGI;Afname;Tarieven voor het databeheer;Laagspanningnet;EUR/jaar;17.85
FI;ELEK_LS_DIGI;Afname;Tarieven voor de openbaredienstverplichtingen;kWh-tarief normaal;EUR/kWh;0.0249198
FI;ELEK_LS_DIGI;Afname;Tarieven voor de openbaredienstverplichtingen;kWh-tarief exclusief nacht;EUR/kWh;0.0199358
FI;ELEK_LS_DIGI;Afname;Tarieven voor de toeslagen;Tarieven voor de toeslagen;EUR/kWh;0.0014355
FI;ELEK_LS_DIGI;Afname;Maximumtarief;Maximumtarief;EUR/kWh;0.3276168
FI;ELEK_LS_DIGI;Injectie;Tarief voor het netgebruik;Tarief voor het netgebruik;EUR/kWh;0.0017510
FI;ELEK_LS_DIGI;Injectie;Tarief databeheer;Laagspanningnet;EUR/jaar;57.65
FI;ELEK_LS_ANA;Afname;Tarieven voor netgebruik;Vaste term;EUR/jaar;135.50
FI;ELEK_LS_ANA;Afname;Tarieven voor netgebruik;Vaste term;EUR/kWh;0.0576028
FI;ELEK_LS_ANA;Afname;Tarieven voor het databeheer;Laagspanningnet;EUR/jaar;17.85
FI;ELEK_LS_ANA;Afname;Tarieven voor de openbaredienstverplichtingen;kWh-tarief normaal;EUR/kWh;0.0249198
FI;ELEK_LS_ANA;Afname;Tarieven voor de openbaredienstverplichtingen;kWh-tarief exclusief nacht;EUR/kWh;0.0199358
FI;ELEK_LS_ANA;Afname;Tarieven voor de toeslagen;Tarieven voor de toeslagen;EUR/kWh;0.0014355
FI;ELEK_LS_ANA;Injectie;Tarief voor het netgebruik;Tarief voor het netgebruik;EUR/kWh;0.0017510
FI;ELEK_LS_ANA;Injectie;Tarief databeheer;Laagspanningnet;EUR/jaar;57.65
FI;ELEK_LS_ANA_PRO;Afname;Tarieven voor netgebruik;Vaste term;EUR/jaar;135.50
FI;ELEK_LS_ANA_PRO;Afname;Tarieven voor netgebruik;Vaste term;EUR/kWh;0.0576028
FI;ELEK_LS_ANA_PRO;Afname;Tarieven voor het databeheer;Laagspanningnet;EUR/jaar;17.85
FI;ELEK_LS_ANA_PRO;Afname;Tarieven voor de openbaredienstverplichtingen;kWh-tarief normaal;EUR/kWh;0.0249198
FI;ELEK_LS_ANA_PRO;Afname;Tarieven voor de openbaredienstverplichtingen;kWh-tarief exclusief nacht;EUR/kWh;0.0199358
FI;ELEK_LS_ANA_PRO;Afname;Tarieven voor de toeslagen;Tarieven voor de toeslagen;EUR/kWh;0.0014355
FI;ELEK_LS_ANA_PRO;Afname;Aanvullend capaciteitstarief voor prosumenten met terugdraaiende teller;Aanvullend capaciteitstarief voor prosumenten met terugdraaiende teller;EUR/kW/jaar;56.72
FI;ELEK_LS_ANA_PRO;Injectie;Tarief voor het netgebruik;Tarief voor het netgebruik;EUR/kWh;0.0017510
FI;ELEK_LS_ANA_PRO;Injectie;Tarief databeheer;Laagspanningnet;EUR/jaar;57.65
FK;ELEK_HS1;Afname;Tarieven voor netgebruik;Toegangsvermogen;EUR/kVA/maand;2.3851454
FK;ELEK_HS1;Afname;Tarieven voor netgebruik;Toegangsvermogen;EUR/kVA/jaar;28.6217448
FK;ELEK_HS1;Afname;Tarieven voor netgebruik;Maandpiek;EUR/kVA/maand;3.2655934
FK;ELEK_HS1;Afname;Tarieven voor netgebruik;Maandpiek;EUR/kVA/jaar;39.1871208
FK;ELEK_HS1;Afname;Tarieven voor netgebruik;Overschrijding toegangsvermogen;EUR/kVA/maand;3.5777181
FK;ELEK_HS1;Afname;Tarieven voor netgebruik;Overschrijding toegangsvermogen;EUR/kVA/jaar;42.9326172
FK;ELEK_HS1;Afname;Tarieven voor de aanvullende afname van reactieve energie;Tarief voor overschrijding forfaitair toegelaten hoeveelheid;EUR/kVArh;0.0134149
FK;ELEK_HS1;Afname;Tarieven voor het databeheer;26-36 kV, 1-26 kV, distributiecabine;EUR/jaar;57.65
FK;ELEK_HS1;Afname;Tarieven voor de openbaredienstverplichtingen;kWh-tarief normaal;EUR/kWh;0.0003764
FK;ELEK_HS1;Afname;Tarieven voor de toeslagen;Tarieven voor de toeslagen;EUR/kWh;0.0000178
FK;ELEK_HS1;Afname;Maximumtarief;Maximumtarief;EUR/kWh;0.0596319
FK;ELEK_HS1;Injectie;Tarief voor het netgebruik;Tarief voor het netgebruik;EUR/kWh;0.0017510
FK;ELEK_HS1;Injectie;Tarief databeheer;26-36 kV, 1-26 kV, distributiecabine;EUR/jaar;57.65
FK;ELEK_HS2;Afname;Tarieven voor netgebruik;Toegangsvermogen;EUR/kVA/maand;0.5697796
FK;ELEK_HS2;Afname;Tarieven voor netgebruik;Toegangsvermogen;EUR/kVA/jaar;6.8373552
FK;ELEK_HS2;Afname;Tarieven voor netgebruik;Maandpiek;EUR/kVA/maand;0.8027891
FK;ELEK_HS2;Afname;Tarieven voor netgebruik;Maandpiek;EUR/kVA/jaar;9.6334692
FK;ELEK_HS2;Afname;Tarieven voor netgebruik;Overschrijding toegangsvermogen;EUR/kVA/maand;0.8546693
FK;ELEK_HS2;Afname;Tarieven voor netgebruik;Overschrijding toegangsvermogen;EUR/kVA/jaar;10.2560316
FK;ELEK_HS2;Afname;Tarieven voor de aanvullende afname van reactieve energie;Tarief voor overschrijding forfaitair toegelaten hoeveelheid;EUR/kVArh;0.0134149
FK;ELEK_HS2;Afname;Tarieven voor het databeheer;26-36 kV, 1-26 kV, distributiecabine;EUR/jaar;57.65
FK;ELEK_HS2;Afname;Tarieven voor de openbaredienstverplichtingen;kWh-tarief normaal;EUR/kWh;0.0039994
FK;ELEK_HS2;Afname;Tarieven voor de toeslagen;Tarieven voor de toeslagen;EUR/kWh;0.0001909
FK;ELEK_HS2;Afname;Maximumtarief;Maximumtarief;EUR/kWh;0.1508082
FK;ELEK_HS2;Injectie;Tarief voor het netgebruik;Tarief voor het netgebruik;EUR/kWh;0.0017510
FK;ELEK_HS2;Injectie;Tarief databeheer;26-36 kV, 1-26 kV, distributiecabine;EUR/jaar;57.65
FK;ELEK_MS1;Afname;Tarieven voor netgebruik;Toegangsvermogen;EUR/kVA/maand;2.3851454
FK;ELEK_MS1;Afname;Tarieven voor netgebruik;Toegangsvermogen;EUR/kVA/jaar;28.6217448
FK;ELEK_MS1;Afname;Tarieven voor netgebruik;Maandpiek;EUR/kVA/maand;3.2655934
FK;ELEK_MS1;Afname;Tarieven voor netgebruik;Maandpiek;EUR/kVA/jaar;39.1871208
FK;ELEK_MS1;Afname;Tarieven voor netgebruik;Overschrijding toegangsvermogen;EUR/kVA/maand;3.5777181
FK;ELEK_MS1;Afname;Tarieven voor netgebruik;Overschrijding toegangsvermogen;EUR/kVA/jaar;42.9326172
FK;ELEK_MS1;Afname;Tarieven voor de aanvullende afname van reactieve energie;Tarief voor overschrijding forfaitair toegelaten hoeveelheid;EUR/kVArh;0.0134149
FK;ELEK_MS1;Afname;Tarieven voor het databeheer;26-36 kV, 1-26 kV, distributiecabine;EUR/jaar;57.65
FK;ELEK_MS1;Afname;Tarieven voor de openbaredienstverplichtingen;kWh-tarief normaal;EUR/kWh;0.0003764
FK;ELEK_MS1;Afname;Tarieven voor de toeslagen;Tarieven voor de toeslagen;EUR/kWh;0.0000178
FK;ELEK_MS1;Afname;Maximumtarief;Maximumtarief;EUR/kWh;0.0596319
FK;ELEK_MS1;Injectie;Tarief voor het netgebruik;Tarief voor het netgebruik;EUR/kWh;0.0017510
FK;ELEK_MS1;Injectie;Tarief databeheer;26-36 kV, 1-26 kV, distributiecabine;EUR/jaar;57.65
FK;ELEK_MS2;Afname;Tarieven voor netgebruik;Toegangsvermogen;EUR/kVA/maand;2.6306445
FK;ELEK_MS2;Afname;Tarieven voor netgebruik;Toegangsvermogen;EUR/kVA/jaar;31.5677340
FK;ELEK_MS2;Afname;Tarieven voor netgebruik;Maandpiek;EUR/kVA/maand;3.9052553
FK;ELEK_MS2;Afname;Tarieven voor netgebruik;Maandpiek;EUR/kVA/jaar;46.8630636
FK;ELEK_MS2;Afname;Tarieven voor netgebruik;Overschrijding toegangsvermogen;EUR/kVA/maand;3.9459668
FK;ELEK_MS2;Afname;Tarieven voor netgebruik;Overschrijding toegangsvermogen;EUR/kVA/jaar;47.3516016
FK;ELEK_MS2;Afname;Tarieven voor de aanvullende afname van reactieve energie;Tarief voor overschrijding forfaitair toegelaten hoeveelheid;EUR/kVArh;0.0134149
FK;ELEK_MS2;Afname;Tarieven voor het databeheer;26-36 kV, 1-26 kV, distributiecabine;EUR/jaar;57.65
FK;ELEK_MS2;Afname;Tarieven voor de openbaredienstverplichtingen;kWh-tarief normaal;EUR/kWh;0.0040283
FK;ELEK_MS2;Afname;Tarieven voor de toeslagen;Tarieven voor de toeslagen;EUR/kWh;0.0001922
FK;ELEK_MS2;Afname;Maximumtarief;Maximumtarief;EUR/kWh;0.1508082
FK;ELEK_MS2;Injectie;Tarief voor het netgebruik;Tarief voor het netgebruik;EUR/kWh;0.0017510
FK;ELEK_MS2;Injectie;Tarief databeheer;26-36 kV, 1-26 kV, distributiecabine;EUR/jaar;57.65
FK;ELEK_LS_DC;Afname;Tarieven voor netgebruik;Toegangsvermogen;EUR/kVA/maand;3.7580468
FK;ELEK_LS_DC;Afname;Tarieven voor netgebruik;Toegangsvermogen;EUR/kVA/jaar;45.0965616
FK;ELEK_LS_DC;Afname;Tarieven voor netgebruik;Maandpiek;EUR/kVA/maand;6.0096502
FK;ELEK_LS_DC;Afname;Tarieven voor netgebruik;Maandpiek;EUR/kVA/jaar;72.1158024
FK;ELEK_LS_DC;Afname;Tarieven voor netgebruik;Overschrijding toegangsvermogen;EUR/kVA/maand;5.6370702
FK;ELEK_LS_DC;Afname;Tarieven voor netgebruik;Overschrijding toegangsvermogen;EUR/kVA/jaar;67.6448424
FK;ELEK_LS_DC;Afname;Tarieven voor de aanvullende afname van reactieve energie;Tarief voor overschrijding forfaitair toegelaten hoeveelheid;EUR/kVArh;0.0134149
FK;ELEK_LS_DC;Afname;Tarieven voor het databeheer;26-36 kV, 1-26 kV, distributiecabine;EUR/jaar;57.65
FK;ELEK_LS_DC;Afname;Tarieven voor de openbaredienstverplichtingen;kWh-tarief normaal;EUR/kWh;0.0054896
FK;ELEK_LS_DC;Afname;Tarieven voor de openbaredienstverplichtingen;kWh-tarief exclusief nacht;EUR/kWh;0.0043917
FK;ELEK_LS_DC;Afname;Tarieven voor de toeslagen;Tarieven voor de toeslagen;EUR/kWh;0.0002612
FK;ELEK_LS_DC;Afname;Maximumtarief;Maximumtarief;EUR/kWh;0.1557427
FK;ELEK_LS_DC;Injectie;Tarief voor het netgebruik;Tarief voor het netgebruik;EUR/kWh;0.0017510
FK;ELEK_LS_DC;Injectie;Tarief databeheer;26-36 kV, 1-26 kV, distributiecabine;EUR/jaar;57.65
FK;ELEK_LS_DIGI;Afname;Tarieven voor netgebruik;Gemiddelde maandpiek;EUR/kW/jaar;56.2069857
FK;ELEK_LS_DIGI;Afname;Tarieven voor netgebruik;Gemiddelde maandpiek;EUR/kW/maand;4.6839155
FK;ELEK_LS_DIGI;Afname;Tarieven voor netgebruik;kWh-tarief;EUR/kW;0.0263561
FK;ELEK_LS_DIGI;Afname;Tarieven voor het databeheer;Laagspanningnet;EUR/jaar;17.85
FK;ELEK_LS_DIGI;Afname;Tarieven voor de openbaredienstverplichtingen;kWh-tarief normaal;EUR/kWh;0.0319098
FK;ELEK_LS_DIGI;Afname;Tarieven voor de openbaredienstverplichtingen;kWh-tarief exclusief nacht;EUR/kWh;0.0255279
FK;ELEK_LS_DIGI;Afname;Tarieven voor de toeslagen;Tarieven voor de toeslagen;EUR/kWh;0.0015179
FK;ELEK_LS_DIGI;Afname;Maximumtarief;Maximumtarief;EUR/kWh;0.3276168
FK;ELEK_LS_DIGI;Injectie;Tarief voor het netgebruik;Tarief voor het netgebruik;EUR/kWh;0.0017510
FK;ELEK_LS_DIGI;Injectie;Tarief databeheer;Laagspanningnet;EUR/jaar;57.65
FK;ELEK_LS_ANA;Afname;Tarieven voor netgebruik;Vaste term;EUR/jaar;140.52
FK;ELEK_LS_ANA;Afname;Tarieven voor netgebruik;Vaste term;EUR/kWh;0.0612380
FK;ELEK_LS_ANA;Afname;Tarieven voor het databeheer;Laagspanningnet;EUR/jaar;17.85
FK;ELEK_LS_ANA;Afname;Tarieven voor de openbaredienstverplichtingen;kWh-tarief normaal;EUR/kWh;0.0319098
FK;ELEK_LS_ANA;Afname;Tarieven voor de openbaredienstverplichtingen;kWh-tarief exclusief nacht;EUR/kWh;0.0255279
FK;ELEK_LS_ANA;Afname;Tarieven voor de toeslagen;Tarieven voor de toeslagen;EUR/kWh;0.0015179
FK;ELEK_LS_ANA;Injectie;Tarief voor het netgebruik;Tarief voor het netgebruik;EUR/kWh;0.0017510
FK;ELEK_LS_ANA;Injectie;Tarief databeheer;Laagspanningnet;EUR/jaar;57.65
FK;ELEK_LS_ANA_PRO;Afname;Tarieven voor netgebruik;Vaste term;EUR/jaar;140.52
FK;ELEK_LS_ANA_PRO;Afname;Tarieven voor netgebruik;Vaste term;EUR/kWh;0.0612380
FK;ELEK_LS_ANA_PRO;Afname;Tarieven voor het databeheer;Laagspanningnet;EUR/jaar;17.85
FK;ELEK_LS_ANA_PRO;Afname;Tarieven voor de openbaredienstverplichtingen;kWh-tarief normaal;EUR/kWh;0.0319098
FK;ELEK_LS_ANA_PRO;Afname;Tarieven voor de openbaredienstverplichtingen;kWh-tarief exclusief nacht;EUR/kWh;0.0255279
FK;ELEK_LS_ANA_PRO;Afname;Tarieven voor de toeslagen;Tarieven voor de toeslagen;EUR/kWh;0.0015179
FK;ELEK_LS_ANA_PRO;Afname;Aanvullend capaciteitstarief voor prosumenten met terugdraaiende teller;Aanvullend capaciteitstarief voor prosumenten met terugdraaiende teller;EUR/kW/jaar;63.95
FK;ELEK_LS_ANA_PRO;Injectie;Tarief voor het netgebruik;Tarief voor het netgebruik;EUR/kWh;0.0017510
FK;ELEK_LS_ANA_PRO;Injectie;Tarief databeheer;Laagspanningnet;EUR/jaar;57.65
FL;ELEK_HS1;Afname;Tarieven voor netgebruik;Toegangsvermogen;EUR/kVA/maand;2.1370186
FL;ELEK_HS1;Afname;Tarieven voor netgebruik;Toegangsvermogen;EUR/kVA/jaar;25.6442232
FL;ELEK_HS1;Afname;Tarieven voor netgebruik;Maandpiek;EUR/kVA/maand;2.6867237
FL;ELEK_HS1;Afname;Tarieven voor netgebruik;Maandpiek;EUR/kVA/jaar;32.2406844
FL;ELEK_HS1;Afname;Tarieven voor netgebruik;Overschrijding toegangsvermogen;EUR/kVA/maand;3.2055279
FL;ELEK_HS1;Afname;Tarieven voor netgebruik;Overschrijding toegangsvermogen;EUR/kVA/jaar;38.4663348
FL;ELEK_HS1;Afname;Tarieven voor de aanvullende afname van reactieve energie;Tarief voor overschrijding forfaitair toegelaten hoeveelheid;EUR/kVArh;0.0134149
FL;ELEK_HS1;Afname;Tarieven voor het databeheer;26-36 kV, 1-26 kV, distributiecabine;EUR/jaar;57.65
FL;ELEK_HS1;Afname;Tarieven voor de openbaredienstverplichtingen;kWh-tarief normaal;EUR/kWh;0.0003698
FL;ELEK_HS1;Afname;Tarieven voor de toeslagen;Tarieven voor de toeslagen;EUR/kWh;0.0000353
FL;ELEK_HS1;Afname;Maximumtarief;Maximumtarief;EUR/kWh;0.0596319
FL;ELEK_HS1;Injectie;Tarief voor het netgebruik;Tarief voor het netgebruik;EUR/kWh;0.0017510
FL;ELEK_HS1;Injectie;Tarief databeheer;26-36 kV, 1-26 kV, distributiecabine;EUR/jaar;57.65
FL;ELEK_HS2;Afname;Tarieven voor netgebruik;Toegangsvermogen;EUR/kVA/maand;2.5338499
FL;ELEK_HS2;Afname;Tarieven voor netgebruik;Toegangsvermogen;EUR/kVA/jaar;30.4061988
FL;ELEK_HS2;Afname;Tarieven voor netgebruik;Maandpiek;EUR/kVA/maand;4.0760080
FL;ELEK_HS2;Afname;Tarieven voor netgebruik;Maandpiek;EUR/kVA/jaar;48.9120960
FL;ELEK_HS2;Afname;Tarieven voor netgebruik;Overschrijding toegangsvermogen;EUR/kVA/maand;3.8007748
FL;ELEK_HS2;Afname;Tarieven voor netgebruik;Overschrijding toegangsvermogen;EUR/kVA/jaar;45.6092976
FL;ELEK_HS2;Afname;Tarieven voor de aanvullende afname van reactieve energie;Tarief voor overschrijding forfaitair toegelaten hoeveelheid;EUR/kVArh;0.0134149
FL;ELEK_HS2;Afname;Tarieven voor het databeheer;26-36 kV, 1-26 kV, distributiecabine;EUR/jaar;57.65
FL;ELEK_HS2;Afname;Tarieven voor de openbaredienstverplichtingen;kWh-tarief normaal;EUR/kWh;0.0039405
FL;ELEK_HS2;Afname;Tarieven voor de toeslagen;Tarieven voor de toeslagen;EUR/kWh;0.0006492
FL;ELEK_HS2;Afname;Maximumtarief;Maximumtarief;EUR/kWh;0.1508082
FL;ELEK_HS2;Injectie;Tarief voor het netgebruik;Tarief voor het netgebruik;EUR/kWh;0.0017510
FL;ELEK_HS2;Injectie;Tarief databeheer;26-36 kV, 1-26 kV, distributiecabine;EUR/jaar;57.65
FL;ELEK_MS1;Afname;Tarieven voor netgebruik;Toegangsvermogen;EUR/kVA/maand;2.1370186
FL;ELEK_MS1;Afname;Tarieven voor netgebruik;Toegangsvermogen;EUR/kVA/jaar;25.6442232
FL;ELEK_MS1;Afname;Tarieven voor netgebruik;Maandpiek;EUR/kVA/maand;2.6867237
FL;ELEK_MS1;Afname;Tarieven voor netgebruik;Maandpiek;EUR/kVA/jaar;32.2406844
FL;ELEK_MS1;Afname;Tarieven voor netgebruik;Overschrijding toegangsvermogen;EUR/kVA/maand;3.2055279
FL;ELEK_MS1;Afname;Tarieven voor netgebruik;Overschrijding toegangsvermogen;EUR/kVA/jaar;38.4663348
FL;ELEK_MS1;Afname;Tarieven voor de aanvullende afname van reactieve energie;Tarief voor overschrijding forfaitair toegelaten hoeveelheid;EUR/kVArh;0.0134149
FL;ELEK_MS1;Afname;Tarieven voor het databeheer;26-36 kV, 1-26 kV, distributiecabine;EUR/jaar;57.65
FL;ELEK_MS1;Afname;Tarieven voor de openbaredienstverplichtingen;kWh-tarief normaal;EUR/kWh;0.0003698
FL;ELEK_MS1;Afname;Tarieven voor de toeslagen;Tarieven voor de toeslagen;EUR/kWh;0.0000353
FL;ELEK_MS1;Afname;Maximumtarief;Maximumtarief;EUR/kWh;0.0596319
FL;ELEK_MS1;Injectie;Tarief voor het netgebruik;Tarief voor het netgebruik;EUR/kWh;0.0017510
FL;ELEK_MS1;Injectie;Tarief databeheer;26-36 kV, 1-26 kV, distributiecabine;EUR/jaar;57.65
FL;ELEK_MS2;Afname;Tarieven voor netgebruik;Toegangsvermogen;EUR/kVA/maand;2.5338499
FL;ELEK_MS2;Afname;Tarieven voor netgebruik;Toegangsvermogen;EUR/kVA/jaar;30.4061988
FL;ELEK_MS2;Afname;Tarieven voor netgebruik;Maandpiek;EUR/kVA/maand;4.0760080
FL;ELEK_MS2;Afname;Tarieven voor netgebruik;Maandpiek;EUR/kVA/jaar;48.9120960
FL;ELEK_MS2;Afname;Tarieven voor netgebruik;Overschrijding toegangsvermogen;EUR/kVA/maand;3.8007748
FL;ELEK_MS2;Afname;Tarieven voor netgebruik;Overschrijding toegangsvermogen;EUR/kVA/jaar;45.6092976
FL;ELEK_MS2;Afname;Tarieven voor de aanvullende afname van reactieve energie;Tarief voor overschrijding forfaitair toegelaten hoeveelheid;EUR/kVArh;0.0134149
FL;ELEK_MS2;Afname;Tarieven voor het databeheer;26-36 kV, 1-26 kV, distributiecabine;EUR/jaar;57.65
FL;ELEK_MS2;Afname;Tarieven voor de openbaredienstverplichtingen;kWh-tarief normaal;EUR/kWh;0.0039405
FL;ELEK_MS2;Afname;Tarieven voor de toeslagen;Tarieven voor de toeslagen;EUR/kWh;0.0006492
FL;ELEK_MS2;Afname;Maximumtarief;Maximumtarief;EUR/kWh;0.1508082
FL;ELEK_MS2;Injectie;Tarief voor het netgebruik;Tarief voor het netgebruik;EUR/kWh;0.0017510
FL;ELEK_MS2;Injectie;Tarief databeheer;26-36 kV, 1-26 kV, distributiecabine;EUR/jaar;57.65
FL;ELEK_LS_DC;Afname;Tarieven voor netgebruik;Toegangsvermogen;EUR/kVA/maand;4.2601188
FL;ELEK_LS_DC;Afname;Tarieven voor netgebruik;Toegangsvermogen;EUR/kVA/jaar;51.1214256
FL;ELEK_LS_DC;Afname;Tarieven voor netgebruik;Maandpiek;EUR/kVA/maand;6.0017464
FL;ELEK_LS_DC;Afname;Tarieven voor netgebruik;Maandpiek;EUR/kVA/jaar;72.0209568
FL;ELEK_LS_DC;Afname;Tarieven voor netgebruik;Overschrijding toegangsvermogen;EUR/kVA/maand;6.3901782
FL;ELEK_LS_DC;Afname;Tarieven voor netgebruik;Overschrijding toegangsvermogen;EUR/kVA/jaar;76.6821384
FL;ELEK_LS_DC;Afname;Tarieven voor de aanvullende afname van reactieve energie;Tarief voor overschrijding forfaitair toegelaten hoeveelheid;EUR/kVArh;0.0134149
FL;ELEK_LS_DC;Afname;Tarieven voor het databeheer;26-36 kV, 1-26 kV, distributiecabine;EUR/jaar;57.65
FL;ELEK_LS_DC;Afname;Tarieven voor de openbaredienstverplichtingen;kWh-tarief normaal;EUR/kWh;0.0041438
FL;ELEK_LS_DC;Afname;Tarieven voor de openbaredienstverplichtingen;kWh-tarief exclusief nacht;EUR/kWh;0.0033151
FL;ELEK_LS_DC;Afname;Tarieven voor de toeslagen;Tarieven voor de toeslagen;EUR/kWh;0.0006825
FL;ELEK_LS_DC;Afname;Maximumtarief;Maximumtarief;EUR/kWh;0.1557427
FL;ELEK_LS_DC;Injectie;Tarief voor het netgebruik;Tarief voor het netgebruik;EUR/kWh;0.0017510
FL;ELEK_LS_DC;Injectie;Tarief databeheer;26-36 kV, 1-26 kV, distributiecabine;EUR/jaar;57.65
FL;ELEK_LS_DIGI;Afname;Tarieven voor netgebruik;Gemiddelde maandpiek;EUR/kW/jaar;49.0469384
FL;ELEK_LS_DIGI;Afname;Tarieven voor netgebruik;Gemiddelde maandpiek;EUR/kW/maand;4.0872449
FL;ELEK_LS_DIGI;Afname;Tarieven voor netgebruik;kWh-tarief;EUR/kW;0.0232082
FL;ELEK_LS_DIGI;Afname;Tarieven voor het databeheer;Laagspanningnet;EUR/jaar;17.85
FL;ELEK_LS_DIGI;Afname;Tarieven voor de openbaredienstverplichtingen;kWh-tarief normaal;EUR/kWh;0.0266707
FL;ELEK_LS_DIGI;Afname;Tarieven voor de openbaredienstverplichtingen;kWh-tarief exclusief nacht;EUR/kWh;0.0213365
FL;ELEK_LS_DIGI;Afname;Tarieven voor de toeslagen;Tarieven voor de toeslagen;EUR/kWh;0.0043906
FL;ELEK_LS_DIGI;Afname;Maximumtarief;Maximumtarief;EUR/kWh;0.3276168
FL;ELEK_LS_DIGI;Injectie;Tarief voor het netgebruik;Tarief voor het netgebruik;EUR/kWh;0.0017510
FL;ELEK_LS_DIGI;Injectie;Tarief databeheer;Laagspanningnet;EUR/jaar;57.65
FL;ELEK_LS_ANA;Afname;Tarieven voor netgebruik;Vaste term;EUR/jaar;122.62
FL;ELEK_LS_ANA;Afname;Tarieven voor netgebruik;Vaste term;EUR/kWh;0.0560581
FL;ELEK_LS_ANA;Afname;Tarieven voor het databeheer;Laagspanningnet;EUR/jaar;17.85
FL;ELEK_LS_ANA;Afname;Tarieven voor de openbaredienstverplichtingen;kWh-tarief normaal;EUR/kWh;0.0266707
FL;ELEK_LS_ANA;Afname;Tarieven voor de openbaredienstverplichtingen;kWh-tarief exclusief nacht;EUR/kWh;0.0213365
FL;ELEK_LS_ANA;Afname;Tarieven voor de toeslagen;Tarieven voor de toeslagen;EUR/kWh;0.0043906
FL;ELEK_LS_ANA;Injectie;Tarief voor het netgebruik;Tarief voor het netgebruik;EUR/kWh;0.0017510
FL;ELEK_LS_ANA;Injectie;Tarief databeheer;Laagspanningnet;EUR/jaar;57.65
FL;ELEK_LS_ANA_PRO;Afname;Tarieven voor netgebruik;Vaste term;EUR/jaar;122.62
FL;ELEK_LS_ANA_PRO;Afname;Tarieven voor netgebruik;Vaste term;EUR/kWh;0.0560581
FL;ELEK_LS_ANA_PRO;Afname;Tarieven voor het databeheer;Laagspanningnet;EUR/jaar;17.85
FL;ELEK_LS_ANA_PRO;Afname;Tarieven voor de openbaredienstverplichtingen;kWh-tarief normaal;EUR/kWh;0.0266707
FL;ELEK_LS_ANA_PRO;Afname;Tarieven voor de openbaredienstverplichtingen;kWh-tarief exclusief nacht;EUR/kWh;0.0213365
FL;ELEK_LS_ANA_PRO;Afname;Tarieven voor de toeslagen;Tarieven voor de toeslagen;EUR/kWh;0.0043906
FL;ELEK_LS_ANA_PRO;Afname;Aanvullend capaciteitstarief voor prosumenten met terugdraaiende teller;Aanvullend capaciteitstarief voor prosumenten met terugdraaiende teller;EUR/kW/jaar;58.85
FL;ELEK_LS_ANA_PRO;Injectie;Tarief voor het netgebruik;Tarief voor het netgebruik;EUR/kWh;0.0017510
FL;ELEK_LS_ANA_PRO;Injectie;Tarief databeheer;Laagspanningnet;EUR/jaar;57.65
FMV;ELEK_HS1;Afname;Tarieven voor netgebruik;Toegangsvermogen;EUR/kVA/maand;2.5750392
FMV;ELEK_HS1;Afname;Tarieven voor netgebruik;Toegangsvermogen;EUR/kVA/jaar;30.9004704
FMV;ELEK_HS1;Afname;Tarieven voor netgebruik;Maandpiek;EUR/kVA/maand;3.5985772
FMV;ELEK_HS1;Afname;Tarieven voor netgebruik;Maandpiek;EUR/kVA/jaar;43.1829264
FMV;ELEK_HS1;Afname;Tarieven voor netgebruik;Overschrijding toegangsvermogen;EUR/kVA/maand;3.8625589
FMV;ELEK_HS1;Afname;Tarieven voor netgebruik;Overschrijding toegangsvermogen;EUR/kVA/jaar;46.3507068
FMV;ELEK_HS1;Afname;Tarieven voor de aanvullende afname van reactieve energie;Tarief voor overschrijding forfaitair toegelaten hoeveelheid;EUR/kVArh;0.0134149
FMV;ELEK_HS1;Afname;Tarieven voor het databeheer;26-36 kV, 1-26 kV, distributiecabine;EUR/jaar;57.65
FMV;ELEK_HS1;Afname;Tarieven voor de openbaredienstverplichtingen;kWh-tarief normaal;EUR/kWh;0.0002386
FMV;ELEK_HS1;Afname;Tarieven voor de toeslagen;Tarieven voor de toeslagen;EUR/kWh;0.0000188
FMV;ELEK_HS1;Afname;Maximumtarief;Maximumtarief;EUR/kWh;0.0596319
FMV;ELEK_HS1;Injectie;Tarief voor het netgebruik;Tarief voor het netgebruik;EUR/kWh;0.0017510
FMV;ELEK_HS1;Injectie;Tarief databeheer;26-36 kV, 1-26 kV, distributiecabine;EUR/jaar;57.65
FMV;ELEK_HS2;Afname;Tarieven voor netgebruik;Toegangsvermogen;EUR/kVA/maand;1.2237452
FMV;ELEK_HS2;Afname;Tarieven voor netgebruik;Toegangsvermogen;EUR/kVA/jaar;14.6849424
FMV;ELEK_HS2;Afname;Tarieven voor netgebruik;Maandpiek;EUR/kVA/maand;1.8303886
FMV;ELEK_HS2;Afname;Tarieven voor netgebruik;Maandpiek;EUR/kVA/jaar;21.9646632
FMV;ELEK_HS2;Afname;Tarieven voor netgebruik;Overschrijding toegangsvermogen;EUR/kVA/maand;1.8356178
FMV;ELEK_HS2;Afname;Tarieven voor netgebruik;Overschrijding toegangsvermogen;EUR/kVA/jaar;22.0274136
FMV;ELEK_HS2;Afname;Tarieven voor de aanvullende afname van reactieve energie;Tarief voor overschrijding forfaitair toegelaten hoeveelheid;EUR/kVArh;0.0134149
FMV;ELEK_HS2;Afname;Tarieven voor het databeheer;26-36 kV, 1-26 kV, distributiecabine;EUR/jaar;57.65
FMV;ELEK_HS2;Afname;Tarieven voor de openbaredienstverplichtingen;kWh-tarief normaal;EUR/kWh;0.0035086
FMV;ELEK_HS2;Afname;Tarieven voor de toeslagen;Tarieven voor de toeslagen;EUR/kWh;0.0001967
FMV;ELEK_HS2;Afname;Maximumtarief;Maximumtarief;EUR/kWh;0.1508082
FMV;ELEK_HS2;Injectie;Tarief voor het netgebruik;Tarief voor het netgebruik;EUR/kWh;0.0017510
FMV;ELEK_HS2;Injectie;Tarief databeheer;26-36 kV, 1-26 kV, distributiecabine;EUR/jaar;57.65
FMV;ELEK_MS1;Afname;Tarieven voor netgebruik;Toegangsvermogen;EUR/kVA/maand;2.5750392
FMV;ELEK_MS1;Afname;Tarieven voor netgebruik;Toegangsvermogen;EUR/kVA/jaar;30.9004704
FMV;ELEK_MS1;Afname;Tarieven voor netgebruik;Maandpiek;EUR/kVA/maand;3.5985772
FMV;ELEK_MS1;Afname;Tarieven voor netgebruik;Maandpiek;EUR/kVA/jaar;43.1829264
FMV;ELEK_MS1;Afname;Tarieven voor netgebruik;Overschrijding toegangsvermogen;EUR/kVA/maand;3.8625589
FMV;ELEK_MS1;Afname;Tarieven voor netgebruik;Overschrijding toegangsvermogen;EUR/kVA/jaar;46.3507068
FMV;ELEK_MS1;Afname;Tarieven voor de aanvullende afname van reactieve energie;Tarief voor overschrijding forfaitair toegelaten hoeveelheid;EUR/kVArh;0.0134149
FMV;ELEK_MS1;Afname;Tarieven voor het databeheer;26-36 kV, 1-26 kV, distributiecabine;EUR/jaar;57.65
FMV;ELEK_MS1;Afname;Tarieven voor de openbaredienstverplichtingen;kWh-tarief normaal;EUR/kWh;0.0002386
FMV;ELEK_MS1;Afname;Tarieven voor de toeslagen;Tarieven voor de toeslagen;EUR/kWh;0.0000188
FMV;ELEK_MS1;Afname;Maximumtarief;Maximumtarief;EUR/kWh;0.0596319
FMV;ELEK_MS1;Injectie;Tarief voor het netgebruik;Tarief voor het netgebruik;EUR/kWh;0.0017510
FMV;ELEK_MS1;Injectie;Tarief databeheer;26-36 kV, 1-26 kV, distributiecabine;EUR/jaar;57.65
FMV;ELEK_MS2;Afname;Tarieven voor netgebruik;Toegangsvermogen;EUR/kVA/maand;2.9315699
FMV;ELEK_MS2;Afname;Tarieven voor netgebruik;Toegangsvermogen;EUR/kVA/jaar;35.1788388
FMV;ELEK_MS2;Afname;Tarieven voor netgebruik;Maandpiek;EUR/kVA/maand;4.2044216
FMV;ELEK_MS2;Afname;Tarieven voor netgebruik;Maandpiek;EUR/kVA/jaar;50.4530592
FMV;ELEK_MS2;Afname;Tarieven voor netgebruik;Overschrijding toegangsvermogen;EUR/kVA/maand;4.3973549
FMV;ELEK_MS2;Afname;Tarieven voor netgebruik;Overschrijding toegangsvermogen;EUR/kVA/jaar;52.7682588
FMV;ELEK_MS2;Afname;Tarieven voor de aanvullende afname van reactieve energie;Tarief voor overschrijding forfaitair toegelaten hoeveelheid;EUR/kVArh;0.0134149
FMV;ELEK_MS2;Afname;Tarieven voor het databeheer;26-36 kV, 1-26 kV, distributiecabine;EUR/jaar;57.65
FMV;ELEK_MS2;Afname;Tarieven voor de openbaredienstverplichtingen;kWh-tarief normaal;EUR/kWh;0.0035870
FMV;ELEK_MS2;Afname;Tarieven voor de toeslagen;Tarieven voor de toeslagen;EUR/kWh;0.0002011
FMV;ELEK_MS2;Afname;Maximumtarief;Maximumtarief;EUR/kWh;0.1508082
FMV;ELEK_MS2;Injectie;Tarief voor het netgebruik;Tarief voor het netgebruik;EUR/kWh;0.0017510
FMV;ELEK_MS2;Injectie;Tarief databeheer;26-36 kV, 1-26 kV, distributiecabine;EUR/jaar;57.65
FMV;ELEK_LS_DC;Afname;Tarieven voor netgebruik;Toegangsvermogen;EUR/kVA/maand;3.8226027
FMV;ELEK_LS_DC;Afname;Tarieven voor netgebruik;Toegangsvermogen;EUR/kVA/jaar;45.8712324
FMV;ELEK_LS_DC;Afname;Tarieven voor netgebruik;Maandpiek;EUR/kVA/maand;6.2290423
FMV;ELEK_LS_DC;Afname;Tarieven voor netgebruik;Maandpiek;EUR/kVA/jaar;74.7485076
FMV;ELEK_LS_DC;Afname;Tarieven voor netgebruik;Overschrijding toegangsvermogen;EUR/kVA/maand;5.7339040
FMV;ELEK_LS_DC;Afname;Tarieven voor netgebruik;Overschrijding toegangsvermogen;EUR/kVA/jaar;68.8068480
FMV;ELEK_LS_DC;Afname;Tarieven voor de aanvullende afname van reactieve energie;Tarief voor overschrijding forfaitair toegelaten hoeveelheid;EUR/kVArh;0.0134149
FMV;ELEK_LS_DC;Afname;Tarieven voor het databeheer;26-36 kV, 1-26 kV, distributiecabine;EUR/jaar;57.65
FMV;ELEK_LS_DC;Afname;Tarieven voor de openbaredienstverplichtingen;kWh-tarief normaal;EUR/kWh;0.0045996
FMV;ELEK_LS_DC;Afname;Tarieven voor de openbaredienstverplichtingen;kWh-tarief exclusief nacht;EUR/kWh;0.0036797
FMV;ELEK_LS_DC;Afname;Tarieven voor de toeslagen;Tarieven voor de toeslagen;EUR/kWh;0.0002579
FMV;ELEK_LS_DC;Afname;Maximumtarief;Maximumtarief;EUR/kWh;0.1557427
FMV;ELEK_LS_DC;Injectie;Tarief voor het netgebruik;Tarief voor het netgebruik;EUR/kWh;0.0017510
FMV;ELEK_LS_DC;Injectie;Tarief databeheer;26-36 kV, 1-26 kV, distributiecabine;EUR/jaar;57.65
FMV;ELEK_LS_DIGI;Afname;Tarieven voor netgebruik;Gemiddelde maandpiek;EUR/kW/jaar;50.1239818
FMV;ELEK_LS_DIGI;Afname;Tarieven voor netgebruik;Gemiddelde maandpiek;EUR/kW/maand;4.1769985
FMV;ELEK_LS_DIGI;Afname;Tarieven voor netgebruik;kWh-tarief;EUR/kW;0.0248638
FMV;ELEK_LS_DIGI;Afname;Tarieven voor het databeheer;Laagspanningnet;EUR/jaar;17.85
FMV;ELEK_LS_DIGI;Afname;Tarieven voor de openbaredienstverplichtingen;kWh-tarief normaal;EUR/kWh;0.0236385
FMV;ELEK_LS_DIGI;Afname;Tarieven voor de openbaredienstverplichtingen;kWh-tarief exclusief nacht;EUR/kWh;0.0189108
FMV;ELEK_LS_DIGI;Afname;Tarieven voor de toeslagen;Tarieven voor de toeslagen;EUR/kWh;0.0013038
FMV;ELEK_LS_DIGI;Afname;Maximumtarief;Maximumtarief;EUR/kWh;0.3276168
FMV;ELEK_LS_DIGI;Injectie;Tarief voor het netgebruik;Tarief voor het netgebruik;EUR/kWh;0.0017510
FMV;ELEK_LS_DIGI;Injectie;Tarief databeheer;Laagspanningnet;EUR/jaar;57.65
FMV;ELEK_LS_ANA;Afname;Tarieven voor netgebruik;Vaste term;EUR/jaar;125.31
FMV;ELEK_LS_ANA;Afname;Tarieven voor netgebruik;Vaste term;EUR/kWh;0.0577719
FMV;ELEK_LS_ANA;Afname;Tarieven voor het databeheer;Laagspanningnet;EUR/jaar;17.85
FMV;ELEK_LS_ANA;Afname;Tarieven voor de openbaredienstverplichtingen;kWh-tarief normaal;EUR/kWh;0.0236385
FMV;ELEK_LS_ANA;Afname;Tarieven voor de openbaredienstverplichtingen;kWh-tarief exclusief nacht;EUR/kWh;0.0189108
FMV;ELEK_LS_ANA;Afname;Tarieven voor de toeslagen;Tarieven voor de toeslagen;EUR/kWh;0.0013038
FMV;ELEK_LS_ANA;Injectie;Tarief voor het netgebruik;Tarief voor het netgebruik;EUR/kWh;0.0017510
FMV;ELEK_LS_ANA;Injectie;Tarief databeheer;Laagspanningnet;EUR/jaar;57.65
FMV;ELEK_LS_ANA_PRO;Afname;Tarieven voor netgebruik;Vaste term;EUR/jaar;125.31
FMV;ELEK_LS_ANA_PRO;Afname;Tarieven voor netgebruik;Vaste term;EUR/kWh;0.0577719
FMV;ELEK_LS_ANA_PRO;Afname;Tarieven voor het databeheer;Laagspanningnet;EUR/jaar;17.85
FMV;ELEK_LS_ANA_PRO;Afname;Tarieven voor de openbaredienstverplichtingen;kWh-tarief normaal;EUR/kWh;0.0236385
FMV;ELEK_LS_ANA_PRO;Afname;Tarieven voor de openbaredienstverplichtingen;kWh-tarief exclusief nacht;EUR/kWh;0.0189108
FMV;ELEK_LS_ANA_PRO;Afname;Tarieven voor de toeslagen;Tarieven voor de toeslagen;EUR/kWh;0.0013038
FMV;ELEK_LS_ANA_PRO;Afname;Aanvullend capaciteitstarief voor prosumenten met terugdraaiende teller;Aanvullend capaciteitstarief voor prosumenten met terugdraaiende teller;EUR/kW/jaar;55.88
FMV;ELEK_LS_ANA_PRO;Injectie;Tarief voor het netgebruik;Tarief voor het netgebruik;EUR/kWh;0.0017510
FMV;ELEK_LS_ANA_PRO;Injectie;Tarief databeheer;Laagspanningnet;EUR/jaar;57.65
FW;ELEK_HS1;Afname;Tarieven voor netgebruik;Toegangsvermogen;EUR/kVA/maand;2.9730452
FW;ELEK_HS1;Afname;Tarieven voor netgebruik;Toegangsvermogen;EUR/kVA/jaar;35.6765424
FW;ELEK_HS1;Afname;Tarieven voor netgebruik;Maandpiek;EUR/kVA/maand;3.8498775
FW;ELEK_HS1;Afname;Tarieven voor netgebruik;Maandpiek;EUR/kVA/jaar;46.1985300
FW;ELEK_HS1;Afname;Tarieven voor netgebruik;Overschrijding toegangsvermogen;EUR/kVA/maand;4.4595678
FW;ELEK_HS1;Afname;Tarieven voor netgebruik;Overschrijding toegangsvermogen;EUR/kVA/jaar;53.5148136
FW;ELEK_HS1;Afname;Tarieven voor de aanvullende afname van reactieve energie;Tarief voor overschrijding forfaitair toegelaten hoeveelheid;EUR/kVArh;0.0134149
FW;ELEK_HS1;Afname;Tarieven voor het databeheer;26-36 kV, 1-26 kV, distributiecabine;EUR/jaar;57.65
FW;ELEK_HS1;Afname;Tarieven voor de openbaredienstverplichtingen;kWh-tarief normaal;EUR/kWh;0.0004068
FW;ELEK_HS1;Afname;Tarieven voor de toeslagen;Tarieven voor de toeslagen;EUR/kWh;0.0000226
FW;ELEK_HS1;Afname;Maximumtarief;Maximumtarief;EUR/kWh;0.0596319
FW;ELEK_HS1;Injectie;Tarief voor het netgebruik;Tarief voor het netgebruik;EUR/kWh;0.0017510
FW;ELEK_HS1;Injectie;Tarief databeheer;26-36 kV, 1-26 kV, distributiecabine;EUR/jaar;57.65
FW;ELEK_HS2;Afname;Tarieven voor netgebruik;Toegangsvermogen;EUR/kVA/maand;3.4703000
FW;ELEK_HS2;Afname;Tarieven voor netgebruik;Toegangsvermogen;EUR/kVA/jaar;41.6436000
FW;ELEK_HS2;Afname;Tarieven voor netgebruik;Maandpiek;EUR/kVA/maand;4.9801171
FW;ELEK_HS2;Afname;Tarieven voor netgebruik;Maandpiek;EUR/kVA/jaar;59.7614052
FW;ELEK_HS2;Afname;Tarieven voor netgebruik;Overschrijding toegangsvermogen;EUR/kVA/maand;5.2054500
FW;ELEK_HS2;Afname;Tarieven voor netgebruik;Overschrijding toegangsvermogen;EUR/kVA/jaar;62.4654000
FW;ELEK_HS2;Afname;Tarieven voor de aanvullende afname van reactieve energie;Tarief voor overschrijding forfaitair toegelaten hoeveelheid;EUR/kVArh;0.0134149
FW;ELEK_HS2;Afname;Tarieven voor het databeheer;26-36 kV, 1-26 kV, distributiecabine;EUR/jaar;57.65
FW;ELEK_HS2;Afname;Tarieven voor de openbaredienstverplichtingen;kWh-tarief normaal;EUR/kWh;0.0040025
FW;ELEK_HS2;Afname;Tarieven voor de toeslagen;Tarieven voor de toeslagen;EUR/kWh;0.0002219
FW;ELEK_HS2;Afname;Maximumtarief;Maximumtarief;EUR/kWh;0.1508082
FW;ELEK_HS2;Injectie;Tarief voor het netgebruik;Tarief voor het netgebruik;EUR/kWh;0.0017510
FW;ELEK_HS2;Injectie;Tarief databeheer;26-36 kV, 1-26 kV, distributiecabine;EUR/jaar;57.65
FW;ELEK_MS1;Afname;Tarieven voor netgebruik;Toegangsvermogen;EUR/kVA/maand;2.9730452
FW;ELEK_MS1;Afname;Tarieven voor netgebruik;Toegangsvermogen;EUR/kVA/jaar;35.6765424
FW;ELEK_MS1;Afname;Tarieven voor netgebruik;Maandpiek;EUR/kVA/maand;3.8498775
FW;ELEK_MS1;Afname;Tarieven voor netgebruik;Maandpiek;EUR/kVA/jaar;46.1985300
FW;ELEK_MS1;Afname;Tarieven voor netgebruik;Overschrijding toegangsvermogen;EUR/kVA/maand;4.4595678
FW;ELEK_MS1;Afname;Tarieven voor netgebruik;Overschrijding toegangsvermogen;EUR/kVA/jaar;53.5148136
FW;ELEK_MS1;Afname;Tarieven voor de aanvullende afname van reactieve energie;Tarief voor overschrijding forfaitair toegelaten hoeveelheid;EUR/kVArh;0.0134149
FW;ELEK_MS1;Afname;Tarieven voor het databeheer;26-36 kV, 1-26 kV, distributiecabine;EUR/jaar;57.65
FW;ELEK_MS1;Afname;Tarieven voor de openbaredienstverplichtingen;kWh-tarief normaal;EUR/kWh;0.0004068
FW;ELEK_MS1;Afname;Tarieven voor de toeslagen;Tarieven voor de toeslagen;EUR/kWh;0.0000226
FW;ELEK_MS1;Afname;Maximumtarief;Maximumtarief;EUR/kWh;0.0596319
FW;ELEK_MS1;Injectie;Tarief voor het netgebruik;Tarief voor het netgebruik;EUR/kWh;0.0017510
FW;ELEK_MS1;Injectie;Tarief databeheer;26-36 kV, 1-26 kV, distributiecabine;EUR/jaar;57.65
FW;ELEK_MS2;Afname;Tarieven voor netgebruik;Toegangsvermogen;EUR/kVA/maand;3.4703000
FW;ELEK_MS2;Afname;Tarieven voor netgebruik;Toegangsvermogen;EUR/kVA/jaar;41.6436000
FW;ELEK_MS2;Afname;Tarieven voor netgebruik;Maandpiek;EUR/kVA/maand;4.9801171
FW;ELEK_MS2;Afname;Tarieven voor netgebruik;Maandpiek;EUR/kVA/jaar;59.7614052
FW;ELEK_MS2;Afname;Tarieven voor netgebruik;Overschrijding toegangsvermogen;EUR/kVA/maand;5.2054500
FW;ELEK_MS2;Afname;Tarieven voor netgebruik;Overschrijding toegangsvermogen;EUR/kVA/jaar;62.4654000
FW;ELEK_MS2;Afname;Tarieven voor de aanvullende afname van reactieve energie;Tarief voor overschrijding forfaitair toegelaten hoeveelheid;EUR/kVArh;0.0134149
FW;ELEK_MS2;Afname;Tarieven voor het databeheer;26-36 kV, 1-26 kV, distributiecabine;EUR/jaar;57.65
FW;ELEK_MS2;Afname;Tarieven voor de openbaredienstverplichtingen;kWh-tarief normaal;EUR/kWh;0.0040025
FW;ELEK_MS2;Afname;Tarieven voor de toeslagen;Tarieven voor de toeslagen;EUR/kWh;0.0002219
FW;ELEK_MS2;Afname;Maximumtarief;Maximumtarief;EUR/kWh;0.1508082
FW;ELEK_MS2;Injectie;Tarief voor het netgebruik;Tarief voor het netgebruik;EUR/kWh;0.0017510
FW;ELEK_MS2;Injectie;Tarief databeheer;26-36 kV, 1-26 kV, distributiecabine;EUR/jaar;57.65
FW;ELEK_LS_DC;Afname;Tarieven voor netgebruik;Toegangsvermogen;EUR/kVA/maand;4.8342104
FW;ELEK_LS_DC;Afname;Tarieven voor netgebruik;Toegangsvermogen;EUR/kVA/jaar;58.0105248
FW;ELEK_LS_DC;Afname;Tarieven voor netgebruik;Maandpiek;EUR/kVA/maand;7.6042461
FW;ELEK_LS_DC;Afname;Tarieven voor netgebruik;Maandpiek;EUR/kVA/jaar;91.2509532
FW;ELEK_LS_DC;Afname;Tarieven voor netgebruik;Overschrijding toegangsvermogen;EUR/kVA/maand;7.2513156
FW;ELEK_LS_DC;Afname;Tarieven voor netgebruik;Overschrijding toegangsvermogen;EUR/kVA/jaar;87.0157872
FW;ELEK_LS_DC;Afname;Tarieven voor de aanvullende afname van reactieve energie;Tarief voor overschrijding forfaitair toegelaten hoeveelheid;EUR/kVArh;0.0134149
FW;ELEK_LS_DC;Afname;Tarieven voor het databeheer;26-36 kV, 1-26 kV, distributiecabine;EUR/jaar;57.65
FW;ELEK_LS_DC;Afname;Tarieven voor de openbaredienstverplichtingen;kWh-tarief normaal;EUR/kWh;0.0054633
FW;ELEK_LS_DC;Afname;Tarieven voor de openbaredienstverplichtingen;kWh-tarief exclusief nacht;EUR/kWh;0.0043706
FW;ELEK_LS_DC;Afname;Tarieven voor de toeslagen;Tarieven voor de toeslagen;EUR/kWh;0.0002935
FW;ELEK_LS_DC;Afname;Maximumtarief;Maximumtarief;EUR/kWh;0.1557427
FW;ELEK_LS_DC;Injectie;Tarief voor het netgebruik;Tarief voor het netgebruik;EUR/kWh;0.0017510
FW;ELEK_LS_DC;Injectie;Tarief databeheer;26-36 kV, 1-26 kV, distributiecabine;EUR/jaar;57.65
FW;ELEK_LS_DIGI;Afname;Tarieven voor netgebruik;Gemiddelde maandpiek;EUR/kW/jaar;57.0995726
FW;ELEK_LS_DIGI;Afname;Tarieven voor netgebruik;Gemiddelde maandpiek;EUR/kW/maand;4.7582977
FW;ELEK_LS_DIGI;Afname;Tarieven voor netgebruik;kWh-tarief;EUR/kW;0.0280823
FW;ELEK_LS_DIGI;Afname;Tarieven voor het databeheer;Laagspanningnet;EUR/jaar;17.85
FW;ELEK_LS_DIGI;Afname;Tarieven voor de openbaredienstverplichtingen;kWh-tarief normaal;EUR/kWh;0.0332887
FW;ELEK_LS_DIGI;Afname;Tarieven voor de openbaredienstverplichtingen;kWh-tarief exclusief nacht;EUR/kWh;0.0266310
FW;ELEK_LS_DIGI;Afname;Tarieven voor de toeslagen;Tarieven voor de toeslagen;EUR/kWh;0.0018227
FW;ELEK_LS_DIGI;Afname;Maximumtarief;Maximumtarief;EUR/kWh;0.3276168
FW;ELEK_LS_DIGI;Injectie;Tarief voor het netgebruik;Tarief voor het netgebruik;EUR/kWh;0.0017510
FW;ELEK_LS_DIGI;Injectie;Tarief databeheer;Laagspanningnet;EUR/jaar;57.65
FW;ELEK_LS_ANA;Afname;Tarieven voor netgebruik;Vaste term;EUR/jaar;142.75
FW;ELEK_LS_ANA;Afname;Tarieven voor netgebruik;Vaste term;EUR/kWh;0.0620687
FW;ELEK_LS_ANA;Afname;Tarieven voor het databeheer;Laagspanningnet;EUR/jaar;17.85
FW;ELEK_LS_ANA;Afname;Tarieven voor de openbaredienstverplichtingen;kWh-tarief normaal;EUR/kWh;0.0332887
FW;ELEK_LS_ANA;Afname;Tarieven voor de openbaredienstverplichtingen;kWh-tarief exclusief nacht;EUR/kWh;0.0266310
FW;ELEK_LS_ANA;Afname;Tarieven voor de toeslagen;Tarieven voor de toeslagen;EUR/kWh;0.0018227
FW;ELEK_LS_ANA;Injectie;Tarief voor het netgebruik;Tarief voor het netgebruik;EUR/kWh;0.0017510
FW;ELEK_LS_ANA;Injectie;Tarief databeheer;Laagspanningnet;EUR/jaar;57.65
FW;ELEK_LS_ANA_PRO;Afname;Tarieven voor netgebruik;Vaste term;EUR/jaar;142.75
FW;ELEK_LS_ANA_PRO;Afname;Tarieven voor netgebruik;Vaste term;EUR/kWh;0.0620687
FW;ELEK_LS_ANA_PRO;Afname;Tarieven voor het databeheer;Laagspanningnet;EUR/jaar;17.85
FW;ELEK_LS_ANA_PRO;Afname;Tarieven voor de openbaredienstverplichtingen;kWh-tarief normaal;EUR/kWh;0.0332887
FW;ELEK_LS_ANA_PRO;Afname;Tarieven voor de openbaredienstverplichtingen;kWh-tarief exclusief nacht;EUR/kWh;0.0266310
FW;ELEK_LS_ANA_PRO;Afname;Tarieven voor de toeslagen;Tarieven voor de toeslagen;EUR/kWh;0.0018227
FW;ELEK_LS_ANA_PRO;Afname;Aanvullend capaciteitstarief voor prosumenten met terugdraaiende teller;Aanvullend capaciteitstarief voor prosumenten met terugdraaiende teller;EUR/kW/jaar;65.65
FW;ELEK_LS_ANA_PRO;Injectie;Tarief voor het netgebruik;Tarief voor het netgebruik;EUR/kWh;0.0017510
FW;ELEK_LS_ANA_PRO;Injectie;Tarief databeheer;Laagspanningnet;EUR/jaar;57.65
FZD;ELEK_HS1;Afname;Tarieven voor netgebruik;Toegangsvermogen;EUR/kVA/maand;3.1637948
FZD;ELEK_HS1;Afname;Tarieven voor netgebruik;Toegangsvermogen;EUR/kVA/jaar;37.9655376
FZD;ELEK_HS1;Afname;Tarieven voor netgebruik;Maandpiek;EUR/kVA/maand;3.9970605
FZD;ELEK_HS1;Afname;Tarieven voor netgebruik;Maandpiek;EUR/kVA/jaar;47.9647260
FZD;ELEK_HS1;Afname;Tarieven voor netgebruik;Overschrijding toegangsvermogen;EUR/kVA/maand;4.7456922
FZD;ELEK_HS1;Afname;Tarieven voor netgebruik;Overschrijding toegangsvermogen;EUR/kVA/jaar;56.9483064
FZD;ELEK_HS1;Afname;Tarieven voor de aanvullende afname van reactieve energie;Tarief voor overschrijding forfaitair toegelaten hoeveelheid;EUR/kVArh;0.0134149
FZD;ELEK_HS1;Afname;Tarieven voor het databeheer;26-36 kV, 1-26 kV, distributiecabine;EUR/jaar;57.65
FZD;ELEK_HS1;Afname;Tarieven voor de openbaredienstverplichtingen;kWh-tarief normaal;EUR/kWh;0.0003680
FZD;ELEK_HS1;Afname;Tarieven voor de toeslagen;Tarieven voor de toeslagen;EUR/kWh;0.0000271
FZD;ELEK_HS1;Afname;Maximumtarief;Maximumtarief;EUR/kWh;0.0596319
FZD;ELEK_HS1;Injectie;Tarief voor het netgebruik;Tarief voor het netgebruik;EUR/kWh;0.0017510
FZD;ELEK_HS1;Injectie;Tarief databeheer;26-36 kV, 1-26 kV, distributiecabine;EUR/jaar;57.65
FZD;ELEK_HS2;Afname;Tarieven voor netgebruik;Toegangsvermogen;EUR/kVA/maand;3.3903749
FZD;ELEK_HS2;Afname;Tarieven voor netgebruik;Toegangsvermogen;EUR/kVA/jaar;40.6844988
FZD;ELEK_HS2;Afname;Tarieven voor netgebruik;Maandpiek;EUR/kVA/maand;4.9880800
FZD;ELEK_HS2;Afname;Tarieven voor netgebruik;Maandpiek;EUR/kVA/jaar;59.8569600
FZD;ELEK_HS2;Afname;Tarieven voor netgebruik;Overschrijding toegangsvermogen;EUR/kVA/maand;5.0855624
FZD;ELEK_HS2;Afname;Tarieven voor netgebruik;Overschrijding toegangsvermogen;EUR/kVA/jaar;61.0267488
FZD;ELEK_HS2;Afname;Tarieven voor de aanvullende afname van reactieve energie;Tarief voor overschrijding forfaitair toegelaten hoeveelheid;EUR/kVArh;0.0134149
FZD;ELEK_HS2;Afname;Tarieven voor het databeheer;26-36 kV, 1-26 kV, distributiecabine;EUR/jaar;57.65
FZD;ELEK_HS2;Afname;Tarieven voor de openbaredienstverplichtingen;kWh-tarief normaal;EUR/kWh;0.0039196
FZD;ELEK_HS2;Afname;Tarieven voor de toeslagen;Tarieven voor de toeslagen;EUR/kWh;0.0003058
FZD;ELEK_HS2;Afname;Maximumtarief;Maximumtarief;EUR/kWh;0.1508082
FZD;ELEK_HS2;Injectie;Tarief voor het netgebruik;Tarief voor het netgebruik;EUR/kWh;0.0017510
FZD;ELEK_HS2;Injectie;Tarief databeheer;26-36 kV, 1-26 kV, distributiecabine;EUR/jaar;57.65
FZD;ELEK_MS1;Afname;Tarieven voor netgebruik;Toegangsvermogen;EUR/kVA/maand;3.1637948
FZD;ELEK_MS1;Afname;Tarieven voor netgebruik;Toegangsvermogen;EUR/kVA/jaar;37.9655376
FZD;ELEK_MS1;Afname;Tarieven voor netgebruik;Maandpiek;EUR/kVA/maand;3.9970605
FZD;ELEK_MS1;Afname;Tarieven voor netgebruik;Maandpiek;EUR/kVA/jaar;47.9647260
FZD;ELEK_MS1;Afname;Tarieven voor netgebruik;Overschrijding toegangsvermogen;EUR/kVA/maand;4.7456922
FZD;ELEK_MS1;Afname;Tarieven voor netgebruik;Overschrijding toegangsvermogen;EUR/kVA/jaar;56.9483064
FZD;ELEK_MS1;Afname;Tarieven voor de aanvullende afname van reactieve energie;Tarief voor overschrijding forfaitair toegelaten hoeveelheid;EUR/kVArh;0.0134149
FZD;ELEK_MS1;Afname;Tarieven voor het databeheer;26-36 kV, 1-26 kV, distributiecabine;EUR/jaar;57.65
FZD;ELEK_MS1;Afname;Tarieven voor de openbaredienstverplichtingen;kWh-tarief normaal;EUR/kWh;0.0003680
FZD;ELEK_MS1;Afname;Tarieven voor de toeslagen;Tarieven voor de toeslagen;EUR/kWh;0.0000271
FZD;ELEK_MS1;Afname;Maximumtarief;Maximumtarief;EUR/kWh;0.0596319
FZD;ELEK_MS1;Injectie;Tarief voor het netgebruik;Tarief voor het netgebruik;EUR/kWh;0.0017510
FZD;ELEK_MS1;Injectie;Tarief databeheer;26-36 kV, 1-26 kV, distributiecabine;EUR/jaar;57.65
FZD;ELEK_MS2;Afname;Tarieven voor netgebruik;Toegangsvermogen;EUR/kVA/maand;3.3903749
FZD;ELEK_MS2;Afname;Tarieven voor netgebruik;Toegangsvermogen;EUR/kVA/jaar;40.6844988
FZD;ELEK_MS2;Afname;Tarieven voor netgebruik;Maandpiek;EUR/kVA/maand;4.9880800
FZD;ELEK_MS2;Afname;Tarieven voor netgebruik;Maandpiek;EUR/kVA/jaar;59.8569600
FZD;ELEK_MS2;Afname;Tarieven voor netgebruik;Overschrijding toegangsvermogen;EUR/kVA/maand;5.0855624
FZD;ELEK_MS2;Afname;Tarieven voor netgebruik;Overschrijding toegangsvermogen;EUR/kVA/jaar;61.0267488
FZD;ELEK_MS2;Afname;Tarieven voor de aanvullende afname van reactieve energie;Tarief voor overschrijding forfaitair toegelaten hoeveelheid;EUR/kVArh;0.0134149
FZD;ELEK_MS2;Afname;Tarieven voor het databeheer;26-36 kV, 1-26 kV, distributiecabine;EUR/jaar;57.65
FZD;ELEK_MS2;Afname;Tarieven voor de openbaredienstverplichtingen;kWh-tarief normaal;EUR/kWh;0.0039196
FZD;ELEK_MS2;Afname;Tarieven voor de toeslagen;Tarieven voor de toeslagen;EUR/kWh;0.0003058
FZD;ELEK_MS2;Afname;Maximumtarief;Maximumtarief;EUR/kWh;0.1508082
FZD;ELEK_MS2;Injectie;Tarief voor het netgebruik;Tarief voor het netgebruik;EUR/kWh;0.0017510
FZD;ELEK_MS2;Injectie;Tarief databeheer;26-36 kV, 1-26 kV, distributiecabine;EUR/jaar;57.65
FZD;ELEK_LS_DC;Afname;Tarieven voor netgebruik;Toegangsvermogen;EUR/kVA/maand;4.2231748
FZD;ELEK_LS_DC;Afname;Tarieven voor netgebruik;Toegangsvermogen;EUR/kVA/jaar;50.6780976
FZD;ELEK_LS_DC;Afname;Tarieven voor netgebruik;Maandpiek;EUR/kVA/maand;6.3983061
FZD;ELEK_LS_DC;Afname;Tarieven voor netgebruik;Maandpiek;EUR/kVA/jaar;76.7796732
FZD;ELEK_LS_DC;Afname;Tarieven voor netgebruik;Overschrijding toegangsvermogen;EUR/kVA/maand;6.3347622
FZD;ELEK_LS_DC;Afname;Tarieven voor netgebruik;Overschrijding toegangsvermogen;EUR/kVA/jaar;76.0171464
FZD;ELEK_LS_DC;Afname;Tarieven voor de aanvullende afname van reactieve energie;Tarief voor overschrijding forfaitair toegelaten hoeveelheid;EUR/kVArh;0.0134149
FZD;ELEK_LS_DC;Afname;Tarieven voor het databeheer;26-36 kV, 1-26 kV, distributiecabine;EUR/jaar;57.65
FZD;ELEK_LS_DC;Afname;Tarieven voor de openbaredienstverplichtingen;kWh-tarief normaal;EUR/kWh;0.0048818
FZD;ELEK_LS_DC;Afname;Tarieven voor de openbaredienstverplichtingen;kWh-tarief exclusief nacht;EUR/kWh;0.0039055
FZD;ELEK_LS_DC;Afname;Tarieven voor de toeslagen;Tarieven voor de toeslagen;EUR/kWh;0.0003809
FZD;ELEK_LS_DC;Afname;Maximumtarief;Maximumtarief;EUR/kWh;0.1557427
FZD;ELEK_LS_DC;Injectie;Tarief voor het netgebruik;Tarief voor het netgebruik;EUR/kWh;0.0017510
FZD;ELEK_LS_DC;Injectie;Tarief databeheer;26-36 kV, 1-26 kV, distributiecabine;EUR/jaar;57.65
FZD;ELEK_LS_DIGI;Afname;Tarieven voor netgebruik;Gemiddelde maandpiek;EUR/kW/jaar;56.1228635
FZD;ELEK_LS_DIGI;Afname;Tarieven voor netgebruik;Gemiddelde maandpiek;EUR/kW/maand;4.6769053
FZD;ELEK_LS_DIGI;Afname;Tarieven voor netgebruik;kWh-tarief;EUR/kW;0.0271123
FZD;ELEK_LS_DIGI;Afname;Tarieven voor het databeheer;Laagspanningnet;EUR/jaar;17.85
FZD;ELEK_LS_DIGI;Afname;Tarieven voor de openbaredienstverplichtingen;kWh-tarief normaal;EUR/kWh;0.0262323
FZD;ELEK_LS_DIGI;Afname;Tarieven voor de openbaredienstverplichtingen;kWh-tarief exclusief nacht;EUR/kWh;0.0209858
FZD;ELEK_LS_DIGI;Afname;Tarieven voor de toeslagen;Tarieven voor de toeslagen;EUR/kWh;0.0020475
FZD;ELEK_LS_DIGI;Afname;Maximumtarief;Maximumtarief;EUR/kWh;0.3276168
FZD;ELEK_LS_DIGI;Injectie;Tarief voor het netgebruik;Tarief voor het netgebruik;EUR/kWh;0.0017510
FZD;ELEK_LS_DIGI;Injectie;Tarief databeheer;Laagspanningnet;EUR/jaar;57.65
FZD;ELEK_LS_ANA;Afname;Tarieven voor netgebruik;Vaste term;EUR/jaar;140.31
FZD;ELEK_LS_ANA;Afname;Tarieven voor netgebruik;Vaste term;EUR/kWh;0.0631932
FZD;ELEK_LS_ANA;Afname;Tarieven voor het databeheer;Laagspanningnet;EUR/jaar;17.85
FZD;ELEK_LS_ANA;Afname;Tarieven voor de openbaredienstverplichtingen;kWh-tarief normaal;EUR/kWh;0.0262323
FZD;ELEK_LS_ANA;Afname;Tarieven voor de openbaredienstverplichtingen;kWh-tarief exclusief nacht;EUR/kWh;0.0209858
FZD;ELEK_LS_ANA;Afname;Tarieven voor de toeslagen;Tarieven voor de toeslagen;EUR/kWh;0.0020475
FZD;ELEK_LS_ANA;Injectie;Tarief voor het netgebruik;Tarief voor het netgebruik;EUR/kWh;0.0017510
FZD;ELEK_LS_ANA;Injectie;Tarief databeheer;Laagspanningnet;EUR/jaar;57.65
FZD;ELEK_LS_ANA_PRO;Afname;Tarieven voor netgebruik;Vaste term;EUR/jaar;140.31
FZD;ELEK_LS_ANA_PRO;Afname;Tarieven voor netgebruik;Vaste term;EUR/kWh;0.0631932
FZD;ELEK_LS_ANA_PRO;Afname;Tarieven voor het databeheer;Laagspanningnet;EUR/jaar;17.85
FZD;ELEK_LS_ANA_PRO;Afname;Tarieven voor de openbaredienstverplichtingen;kWh-tarief normaal;EUR/kWh;0.0262323
FZD;ELEK_LS_ANA_PRO;Afname;Tarieven voor de openbaredienstverplichtingen;kWh-tarief exclusief nacht;EUR/kWh;0.0209858
FZD;ELEK_LS_ANA_PRO;Afname;Tarieven voor de toeslagen;Tarieven voor de toeslagen;EUR/kWh;0.0020475
FZD;ELEK_LS_ANA_PRO;Afname;Aanvullend capaciteitstarief voor prosumenten met terugdraaiende teller;Aanvullend capaciteitstarief voor prosumenten met terugdraaiende teller;EUR/kW/jaar;61.80
FZD;ELEK_LS_ANA_PRO;Injectie;Tarief voor het netgebruik;Tarief voor het netgebruik;EUR/kWh;0.0017510
FZD;ELEK_LS_ANA_PRO;Injectie;Tarief databeheer;Laagspanningnet;EUR/jaar;57.65
