Postcode;Gemeente;DNB Elektriciteit;DNB Gas;GasType Oud;GasType Nieuw
1540;Herfelingen;Fluvius Halle-Vilvoorde;Fluvius Halle-Vilvoorde;L;H
1652;Alsemberg;Fluvius Halle-Vilvoorde;Fluvius Halle-Vilvoorde;L;H
1671;Elingen;Fluvius Halle-Vilvoorde;Fluvius Halle-Vilvoorde;L;H
1702;Groot-Bijgaarden;Fluvius Halle-Vilvoorde;Fluvius Halle-Vilvoorde;L;H
1730;Asse;Fluvius Halle-Vilvoorde;Fluvius Halle-Vilvoorde;H;H
1740;Ternat;Fluvius Halle-Vilvoorde;Fluvius Halle-Vilvoorde;H(L);H
1745;Opwijk;Fluvius Halle-Vilvoorde;Fluvius Halle-Vilvoorde;H;H
1755;Leerbeek;Fluvius Halle-Vilvoorde;Fluvius Halle-Vilvoorde;L;H
1770;Liedekerke;Fluvius Halle-Vilvoorde;Fluvius Halle-Vilvoorde;H;H
1820;Steenokkerzeel;Fluvius Halle-Vilvoorde;Fluvius Halle-Vilvoorde;L;H
1831;Diegem;Fluvius Halle-Vilvoorde;Fluvius Halle-Vilvoorde;L;H
1840;Steenhuffel;Fluvius Halle-Vilvoorde;Fluvius Halle-Vilvoorde;H;H
1910;Buken;Fluvius Zenne-Dijle;Fluvius Zenne-Dijle;L;H
1910;Kampenhout;Fluvius Zenne-Dijle;Fluvius Zenne-Dijle;L;H
1950;Kraainem;Fluvius Halle-Vilvoorde;Fluvius Halle-Vilvoorde;L;H
1982;Elewijt;Fluvius Halle-Vilvoorde;Fluvius Halle-Vilvoorde;L;H
2150;Borsbeek;Fluvius Antwerpen;Fluvius Antwerpen;L;H
2222;Itegem;Fluvius Zenne-Dijle;Fluvius Zenne-Dijle;L;H
2235;Westmeerbeek;Fluvius Zenne-Dijle;Fluvius Zenne-Dijle;L;H
2290;Vorselaar;Fluvius Kempen;Fluvius Kempen;L;H
2320;Hoogstraten;Fluvius Kempen;Fluvius Kempen;L;H
2321;Meer;Fluvius Kempen;Fluvius Kempen;L;H
2340;Vlimmeren;Fluvius Kempen;Fluvius Kempen;L;H
2350;Vosselaar;Fluvius Kempen;Fluvius Kempen;L;H
2381;Weelde;Fluvius Kempen;Fluvius Kempen;L;H
2440;Geel;Fluvius Kempen;Fluvius Kempen;L;H
2800;Walem;Fluvius Zenne-Dijle;Fluvius Zenne-Dijle;L;H
2840;Rumst;Fluvius Antwerpen;Fluvius Antwerpen;L;H
2880;Bornem;Fluvius Zenne-Dijle;Fluvius Zenne-Dijle;L;H
2910;Essen;Fluvius Kempen;Fluvius Kempen;L;H
2940;Hoevenen;Fluvius Antwerpen;Fluvius Antwerpen;L;H
2940;Stabroek;Fluvius Antwerpen;Fluvius Antwerpen;L;H
2950;Hoogboom;Fluvius Antwerpen;Fluvius Antwerpen;L;H
2960;Brecht;Fluvius Antwerpen;Fluvius Antwerpen;L;H
3051;Sint-Joris-Weert;Fluvius Zenne-Dijle;Fluvius Zenne-Dijle;L;H
3061;Leefdaal;Fluvius Zenne-Dijle;Fluvius Zenne-Dijle;L;H
3202;Rillaar;Fluvius Zenne-Dijle;Fluvius Zenne-Dijle;L;H
3211;Binkom;Fluvius Zenne-Dijle;Fluvius Zenne-Dijle;L;H
3300;Hakendover;Fluvius Zenne-Dijle;Fluvius Zenne-Dijle;L;H
3320;Meldert (Vl.Br.);Fluvius Zenne-Dijle;Fluvius Zenne-Dijle;L;H
3321;Outgaarden;Fluvius Zenne-Dijle;Fluvius Zenne-Dijle;L;H
3350;Overhespen;Fluvius Zenne-Dijle;Fluvius Zenne-Dijle;L;H
3511;Stokrooie;Fluvius Limburg;Fluvius Limburg;L;H
3530;Houthalen;Fluvius Limburg;Fluvius Limburg;L;H
3540;Berbroek;Fluvius Limburg;Fluvius Limburg;L;H
3545;Zelem;Fluvius Limburg;Fluvius Limburg;L;H
3590;Diepenbeek;Fluvius Limburg;Fluvius Limburg;H;H
3621;Rekem;Fluvius Limburg;Fluvius Limburg;H;H
3630;Leut;Fluvius Limburg;Fluvius Limburg;H;H
3640;Kessenich;Fluvius Limburg;Fluvius Limburg;H;H
3650;Elen;Fluvius Limburg;Fluvius Limburg;H;H
3790;Sint-Martens-Voeren/Fouron-Saint-Martin;Fluvius Limburg;;H;Niet Fluvius
3800;Ordingen;Fluvius Limburg;Fluvius Limburg;H;H
3840;Hoepertingen;Fluvius Limburg;Fluvius Limburg;H;H
3840;Jesseren (Kolmont);Fluvius Limburg;Fluvius Limburg;H;H
3840;Bommershoven;Fluvius Limburg;Fluvius Limburg;H;H
3870;Heers;Fluvius Limburg;Fluvius Limburg;H;H
3870;Heks;Fluvius Limburg;Fluvius Limburg;H;H
3890;Niel-bij-Sint-Truiden;Fluvius Limburg;Fluvius Limburg;L;H
3920;Stevensvennen;Fluvius Limburg;Fluvius Limburg;L;H
3960;Bree;Fluvius Limburg;Fluvius Limburg;H;H
3960;Opitter;Fluvius Limburg;Fluvius Limburg;H;H
3990;Wijchmaal;Fluvius Limburg;Fluvius Limburg;H;H
8000;Brugge;Fluvius Imewo;Fluvius Imewo;H;H
8300;Knokke;Fluvius Imewo;Fluvius Imewo;H;H
8310;Sint-Kruis;Fluvius Imewo;Fluvius Imewo;H;H
8377;Nieuwmunster;Fluvius Imewo;Fluvius Imewo;H;H
8432;Leffinge;Fluvius West;Fluvius West;H;H
8470;Snaaskerke;Fluvius West;Fluvius West;H;H
8490;Zerkegem;Fluvius Imewo;Fluvius Imewo;H;H
8551;Heestert;Fluvius West;Fluvius West;H;H
8582;Outrijve;Fluvius West;Fluvius West;H;H
8587;Spiere/Espierres;Fluvius West;Fluvius West;H;H
8600;Beerst;Fluvius West;Fluvius West;H;H
8600;Oostkerke (Diksmuide);Fluvius West;Fluvius West;H;H
8610;Handzame;Fluvius West;Fluvius West;H;H
8620;Nieuwpoort;Fluvius West;Fluvius West;H;H
8620;Ramskapelle (Nieuwpoort);Fluvius West;Fluvius West;H;H
8630;Bulskamp;Fluvius West;Fluvius West;H;H
8660;Adinkerke;Fluvius West;Fluvius West;H;H
8670;Koksijde;Fluvius West;Fluvius West;H;H
8680;Koekelare;Fluvius West;Fluvius West;H;H
8690;Alveringem;Fluvius West;Fluvius West;H;H
8691;Beveren-aan-den-Ijzer;Fluvius West;Fluvius West;H;H
8700;Aarsele;Fluvius West;Fluvius West;H;H
8810;Lichtervelde;Fluvius Imewo;Fluvius Imewo;H;H
8900;Ieper;Fluvius West;Fluvius West;H;H
8906;Elverdinge;Fluvius West;Fluvius West;H;H
8930;Lauwe;Fluvius West;Fluvius West;H;H
8930;Rekkem;Fluvius West;Fluvius West;H;H
8952;Wulvergem;Fluvius West;Fluvius West;H;H
8953;Wijtschate;Fluvius West;Fluvius West;H;H
8954;Westouter;Fluvius West;Fluvius West;H;H
8956;Kemmel;Fluvius West;Fluvius West;H;H
8972;Proven;Fluvius West;Fluvius West;H;H
8972;Roesbrugge-Haringe;Fluvius West;Fluvius West;H;H
9000;Gent;Fluvius Imewo;Fluvius Imewo;H;H
9032;Wondelgem;Fluvius Imewo;Fluvius Imewo;H;H
9042;Mendonk;Fluvius Imewo;Fluvius Imewo;H;H
9050;Ledeberg;Fluvius Imewo;Fluvius Imewo;H;H
9060;Zelzate;Fluvius Imewo;Fluvius Imewo;H;H
9120;Haasdonk;Fluvius Midden-Vlaanderen;Fluvius Midden-Vlaanderen;H;H
9130;Doel;Fluvius Midden-Vlaanderen;Fluvius Midden-Vlaanderen;H;H
9150;Rupelmonde;Fluvius Midden-Vlaanderen;Fluvius Midden-Vlaanderen;H;H
9160;Lokeren;Fluvius Imewo;Fluvius Imewo;H;H
9190;Kemzeke;Fluvius Midden-Vlaanderen;Fluvius Midden-Vlaanderen;H;H
9220;Hamme (O.-Vl.);Fluvius Midden-Vlaanderen;Fluvius Midden-Vlaanderen;H;H
9230;Wetteren;Fluvius Imewo;Fluvius Imewo;H;H
9270;Laarne;Fluvius Imewo;Fluvius Imewo;H;H
9290;Berlare;Fluvius Imewo;Fluvius Imewo;H;H
9340;Impe;Fluvius Imewo;Fluvius Imewo;H;H
9400;Voorde;Fluvius Midden-Vlaanderen;Fluvius Midden-Vlaanderen;H;H
9420;Vlekkem;Fluvius Midden-Vlaanderen;Fluvius Midden-Vlaanderen;H;H
9500;Viane;Fluvius Midden-Vlaanderen;Fluvius Midden-Vlaanderen;H;H
9520;Bavegem;Fluvius Imewo;Fluvius Imewo;H;H
9550;Herzele;Fluvius Midden-Vlaanderen;Fluvius Midden-Vlaanderen;H;H
9550;Hillegem;Fluvius Midden-Vlaanderen;Fluvius Midden-Vlaanderen;H;H
9550;Sint-Antelinks;Fluvius Midden-Vlaanderen;Fluvius Midden-Vlaanderen;H;H
9600;Ronse/Renaix;Fluvius West;Fluvius West;H;H
9630;Beerlegem;Fluvius West;Fluvius West;H;H
9660;Elst;Fluvius Midden-Vlaanderen;Fluvius Midden-Vlaanderen;H;H
9660;Opbrakel;Fluvius Midden-Vlaanderen;Fluvius Midden-Vlaanderen;H;H
9660;Zegelsem;Fluvius Midden-Vlaanderen;Fluvius Midden-Vlaanderen;H;H
9700;Mater;Fluvius West;Fluvius West;H;H
9700;Volkegem;Fluvius West;Fluvius West;H;H
9750;Huise;Fluvius West;Fluvius West;H;H
9870;Machelen (O.-Vl.);Fluvius West;Fluvius West;H;H
9971;Lembeke;Fluvius Imewo;Fluvius Imewo;H;H
9981;Sint-Margriete;Fluvius Imewo;Fluvius Imewo;H;H
2980;Halle (Kempen);Fluvius Antwerpen;Fluvius Antwerpen;L;H
2990;Wuustwezel;Fluvius Kempen;Fluvius Kempen;L;H
3001;Heverlee;Fluvius Zenne-Dijle;Fluvius Zenne-Dijle;L;H
3040;Neerijse;Fluvius Zenne-Dijle;Fluvius Zenne-Dijle;L;H
3050;Oud-Heverlee;Fluvius Zenne-Dijle;Fluvius Zenne-Dijle;L;H
3054;Vaalbeek;Fluvius Zenne-Dijle;Fluvius Zenne-Dijle;L;H
3078;Meerbeek;Fluvius Zenne-Dijle;Fluvius Zenne-Dijle;L;H
3210;Linden;Fluvius Zenne-Dijle;Fluvius Zenne-Dijle;L;H
3220;Kortrijk-Dutsel;Fluvius Zenne-Dijle;Fluvius Zenne-Dijle;L;H
3221;Nieuwrode;Fluvius Zenne-Dijle;Fluvius Zenne-Dijle;L;H
3290;Diest;Fluvius Zenne-Dijle;Fluvius Zenne-Dijle;L;H
3400;Ezemaal;Fluvius Zenne-Dijle;Fluvius Zenne-Dijle;L;H
3401;Waasmont;Fluvius Zenne-Dijle;Fluvius Zenne-Dijle;L;H
3404;Neerlanden;Fluvius Zenne-Dijle;Fluvius Zenne-Dijle;L;H
3470;Ransberg;Fluvius Zenne-Dijle;Fluvius Zenne-Dijle;L;H
3511;Kuringen;Fluvius Limburg;Fluvius Limburg;H;H
3630;Vucht;Fluvius Limburg;Fluvius Limburg;H;H
3640;Ophoven;Fluvius Limburg;Fluvius Limburg;H;H
3670;Neerglabbeek;Fluvius Limburg;Fluvius Limburg;H;H
3700;Piringen (Haren);Fluvius Limburg;Fluvius Limburg;H;H
3700;Riksingen;Fluvius Limburg;Fluvius Limburg;H;H
3717;Herstappe;Fluvius Limburg;Fluvius Limburg;H;H
3730;Hoeselt;Fluvius Limburg;Fluvius Limburg;H;H
3740;Mopertingen;Fluvius Limburg;Fluvius Limburg;H;H
3770;Herderen;Fluvius Limburg;Fluvius Limburg;H;H
3770;Millen;Fluvius Limburg;Fluvius Limburg;H;H
3770;Vroenhoven;Fluvius Limburg;Fluvius Limburg;H;H
3790;Moelingen/Mouland;Fluvius Limburg;;H;Niet Fluvius
3790;Voeren/Fourons;Fluvius Limburg;;H;Niet Fluvius
3800;Halmaal;Fluvius Limburg;Fluvius Limburg;H;H
3800;Kerkom-bij-Sint-Truiden;Fluvius Limburg;Fluvius Limburg;H;H
3800;Zepperen;Fluvius Limburg;Fluvius Limburg;H;H
3800;Sint-Truiden;Fluvius Limburg;Fluvius Limburg;L;H
3830;Berlingen;Fluvius Limburg;Fluvius Limburg;H;H
3832;Ulbeek;Fluvius Limburg;Fluvius Limburg;H;H
3840;Broekom;Fluvius Limburg;Fluvius Limburg;H;H
3870;Batsheers;Fluvius Limburg;Fluvius Limburg;L;H
3870;Gutschoven;Fluvius Limburg;Fluvius Limburg;H;H
3870;Mettekoven;Fluvius Limburg;Fluvius Limburg;H;H
3890;Montenaken;Fluvius Limburg;Fluvius Limburg;L;H
3891;Muizen (Limb.);Fluvius Limburg;Fluvius Limburg;L;H
3960;Beek;Fluvius Limburg;Fluvius Limburg;H;H
8020;Hertsberge;Fluvius Imewo;Fluvius Imewo;H;H
8210;Veldegem;Fluvius Imewo;Fluvius Imewo;H;H
8340;Hoeke;Fluvius Imewo;Fluvius Imewo;H;H
8340;Lapscheure;Fluvius Imewo;Fluvius Imewo;H;H
8400;Zandvoorde (Oostende);Fluvius Imewo;Fluvius Imewo;H;H
8434;Westende;Fluvius West;Fluvius West;H;H
8460;Oudenburg;Fluvius West;Fluvius West;H;H
8470;Moere;Fluvius West;Fluvius West;H;H
8510;Kooigem;Fluvius West;Fluvius West;H;H
8520;Kuurne;Fluvius West;Fluvius West;H;H
8550;Zwevegem;Fluvius West;Fluvius West;H;H
8570;Anzegem;Fluvius West;Fluvius West;H;H
8600;Woumen;Fluvius West;Fluvius West;H;H
8610;Zarren;Fluvius West;Fluvius West;H;H
8630;Vinkem;Fluvius West;Fluvius West;H;H
8630;Zoutenaaie;Fluvius West;Fluvius West;H;H
8640;Westvleteren;Fluvius West;Fluvius West;H;H
8650;Klerken;Fluvius West;Fluvius West;H;H
8800;Oekene;Fluvius West;Fluvius West;H;H
8840;Staden;Fluvius West;Fluvius West;H;H
8840;Westrozebeke;Fluvius West;Fluvius West;H;H
8908;Vlamertinge;Fluvius West;Fluvius West;H;H
8920;Bikschote;Fluvius West;Fluvius West;H;H
8978;Watou;Fluvius West;Fluvius West;H;H
8980;Geluveld;Fluvius West;Fluvius West;H;H
9042;Sint-Kruis-Winkel;Fluvius Imewo;Fluvius Imewo;H;H
9090;Gontrode;Fluvius Imewo;Fluvius Imewo;H;H
9120;Melsele;Fluvius Midden-Vlaanderen;Fluvius Midden-Vlaanderen;H;H
9120;Beveren (Waas);Fluvius Midden-Vlaanderen;Fluvius Midden-Vlaanderen;H;H
9150;Kruibeke;Fluvius Midden-Vlaanderen;Fluvius Midden-Vlaanderen;H;H
9160;Daknam;Fluvius Imewo;Fluvius Imewo;H;H
9180;Moerbeke (Waas);Fluvius Imewo;Fluvius Imewo;H;H
9230;Massemen;Fluvius Imewo;Fluvius Imewo;H;H
9250;Waasmunster;Fluvius Midden-Vlaanderen;Fluvius Midden-Vlaanderen;H;H
9280;Lebbeke;Fluvius Midden-Vlaanderen;Fluvius Midden-Vlaanderen;H;H
9310;Baardegem;Fluvius Midden-Vlaanderen;Fluvius Midden-Vlaanderen;H;H
9400;Nederhasselt;Fluvius Midden-Vlaanderen;Fluvius Midden-Vlaanderen;H;H
9470;Denderleeuw;Fluvius Midden-Vlaanderen;Fluvius Midden-Vlaanderen;H;H
9506;Schendelbeke;Fluvius Midden-Vlaanderen;Fluvius Midden-Vlaanderen;H;H
9520;Sint-Lievens-Houtem;Fluvius Imewo;Fluvius Imewo;H;H
9572;Sint-Martens-Lierde;Fluvius Midden-Vlaanderen;Fluvius Midden-Vlaanderen;H;H
9620;Elene;Fluvius Midden-Vlaanderen;Fluvius Midden-Vlaanderen;H;H
9630;Roborst;Fluvius West;Fluvius West;H;H
9636;Nederzwalm-Hermelgem;Fluvius West;Fluvius West;H;H
9660;Nederbrakel;Fluvius Midden-Vlaanderen;Fluvius Midden-Vlaanderen;H;H
9661;Parike;Fluvius Midden-Vlaanderen;Fluvius Midden-Vlaanderen;H;H
9667;Sint-Maria-Horebeke;Fluvius West;Fluvius West;H;H
9700;Leupegem;Fluvius West;Fluvius West;H;H
9771;Nokere;Fluvius West;Fluvius West;H;H
9800;Bachte-Maria-Leerne;Fluvius Imewo;Fluvius Imewo;H;H
9820;Merelbeke;Fluvius Imewo;Fluvius Imewo;H;H
9831;Deurle;Fluvius Imewo;Fluvius Imewo;H;H
9850;Vosselare;Fluvius Imewo;Fluvius Imewo;H;H
9870;Olsene;Fluvius West;Fluvius West;H;H
9920;Lovendegem;Fluvius Imewo;Fluvius Imewo;H;H
9932;Ronsele;Fluvius Imewo;Fluvius Imewo;H;H
1501;Buizingen;Fluvius Halle-Vilvoorde;Fluvius Halle-Vilvoorde;L;H
1600;Sint-Laureins-Berchem;Fluvius Halle-Vilvoorde;Fluvius Halle-Vilvoorde;L;H
1601;Ruisbroek (Vl.Br.);Fluvius Halle-Vilvoorde;Fluvius Halle-Vilvoorde;L;H
1602;Vlezenbeek;Fluvius Halle-Vilvoorde;Fluvius Halle-Vilvoorde;L;H
1700;Sint-Martens-Bodegem;Fluvius Halle-Vilvoorde;Fluvius Halle-Vilvoorde;L;H
1730;Mollem;Fluvius Halle-Vilvoorde;Fluvius Halle-Vilvoorde;H;H
1761;Borchtlombeek;Fluvius Halle-Vilvoorde;Fluvius Halle-Vilvoorde;H;H
1800;Peutie;Fluvius Halle-Vilvoorde;Fluvius Halle-Vilvoorde;L;H
1820;Perk;Fluvius Halle-Vilvoorde;Fluvius Halle-Vilvoorde;L;H
1880;Kapelle-op-den-Bos;Fluvius Halle-Vilvoorde;Fluvius Halle-Vilvoorde;L;H
1880;Ramsdonk;Fluvius Halle-Vilvoorde;Fluvius Halle-Vilvoorde;L;H
1930;Nossegem;Fluvius Halle-Vilvoorde;Fluvius Halle-Vilvoorde;L;H
1982;Weerde;Fluvius Halle-Vilvoorde;Fluvius Halle-Vilvoorde;L;H
2030;Havengebied Antwerpen;Fluvius Antwerpen;Fluvius Antwerpen;L;H
2040;Zandvliet;Fluvius Antwerpen;Fluvius Antwerpen;L;H
2242;Pulderbos;Fluvius Kempen;Fluvius Kempen;L;H
2250;Olen;Fluvius Kempen;Fluvius Kempen;L;H
2260;Zoerle-Parwijs;Fluvius Kempen;Fluvius Kempen;L;H
2300;Turnhout;Fluvius Kempen;Fluvius Kempen;L;H
2322;Minderhout;Fluvius Kempen;Fluvius Kempen;L;H
2323;Wortel;Fluvius Kempen;Fluvius Kempen;L;H
2380;Ravels;Fluvius Kempen;Fluvius Kempen;L;H
2390;Oostmalle;Fluvius Antwerpen;Fluvius Antwerpen;L;H
2550;Waarloos;Fluvius Antwerpen;Fluvius Antwerpen;L;H
2560;Kessel;Fluvius Antwerpen;Fluvius Antwerpen;L;H
2560;Nijlen;Fluvius Antwerpen;Fluvius Antwerpen;L;H
2580;Putte;Fluvius Zenne-Dijle;Fluvius Zenne-Dijle;L;H
2640;Mortsel;Fluvius Antwerpen;Fluvius Antwerpen;L;H
2650;Edegem;Fluvius Antwerpen;Fluvius Antwerpen;L;H
2820;Rijmenam;Fluvius Zenne-Dijle;Fluvius Zenne-Dijle;L;H
2830;Willebroek;Fluvius Zenne-Dijle;Fluvius Zenne-Dijle;L;H
2840;Terhagen;Fluvius Antwerpen;Fluvius Antwerpen;L;H
2850;Boom;Fluvius Antwerpen;Fluvius Antwerpen;L;H
2861;Onze-Lieve-Vrouw-Waver;Fluvius Zenne-Dijle;Fluvius Zenne-Dijle;L;H
2880;Weert;Fluvius Zenne-Dijle;Fluvius Zenne-Dijle;L;H
1650;Beersel;Fluvius Halle-Vilvoorde;Fluvius Halle-Vilvoorde;L;H
1755;Gooik;Fluvius Halle-Vilvoorde;Fluvius Halle-Vilvoorde;L;H
1830;Machelen (Vl.Br.);Fluvius Halle-Vilvoorde;Fluvius Halle-Vilvoorde;L;H
2070;Zwijndrecht;Fluvius Antwerpen;Fluvius Antwerpen;H;H
2230;Herselt;Fluvius Zenne-Dijle;Fluvius Zenne-Dijle;L;H
2235;Hulshout;Fluvius Zenne-Dijle;Fluvius Zenne-Dijle;L;H
2240;Zandhoven;Fluvius Kempen;Fluvius Kempen;L;H
2288;Bouwel;Fluvius Antwerpen;Fluvius Antwerpen;L;H
2430;Vorst (Kempen);Fluvius Limburg;Fluvius Limburg;L;H
2431;Varendonk;Fluvius Limburg;Fluvius Limburg;L;H
2480;Dessel;Fluvius Kempen;Fluvius Kempen;L;H
2500;Lier;Fluvius Antwerpen;Fluvius Antwerpen;L;H
2530;Boechout;Fluvius Antwerpen;Fluvius Antwerpen;L;H
2540;Hove;Fluvius Antwerpen;Fluvius Antwerpen;L;H
2610;Wilrijk;Fluvius Antwerpen;Fluvius Antwerpen;L;H
2620;Hemiksem;Fluvius Antwerpen;Fluvius Antwerpen;L;H
2830;Blaasveld;Fluvius Zenne-Dijle;Fluvius Zenne-Dijle;L;H
2840;Reet;Fluvius Antwerpen;Fluvius Antwerpen;L;H
2900;Schoten;Fluvius Antwerpen;Fluvius Antwerpen;L;H
2950;Kapellen (Antw.);Fluvius Antwerpen;Fluvius Antwerpen;L;H
3018;Wijgmaal;Fluvius Zenne-Dijle;Fluvius Zenne-Dijle;L;H
3020;Herent;Fluvius Zenne-Dijle;Fluvius Zenne-Dijle;L;H
3040;Sint-Agatha-Rode;Fluvius Zenne-Dijle;Fluvius Zenne-Dijle;L;H
3060;Bertem;Fluvius Zenne-Dijle;Fluvius Zenne-Dijle;L;H
3080;Duisburg;Fluvius Zenne-Dijle;Fluvius Zenne-Dijle;L;H
3080;Tervuren;Fluvius Zenne-Dijle;Fluvius Zenne-Dijle;L;H
3140;Keerbergen;Fluvius Zenne-Dijle;Fluvius Zenne-Dijle;L;H
3290;Schaffen;Fluvius Zenne-Dijle;Fluvius Zenne-Dijle;L;H
3360;Lovenjoel;Fluvius Zenne-Dijle;Fluvius Zenne-Dijle;L;H
3360;Opvelp;Fluvius Zenne-Dijle;Fluvius Zenne-Dijle;L;H
3370;Kerkom;Fluvius Zenne-Dijle;Fluvius Zenne-Dijle;L;H
3370;Vertrijk;Fluvius Zenne-Dijle;Fluvius Zenne-Dijle;L;H
3370;Willebringen;Fluvius Zenne-Dijle;Fluvius Zenne-Dijle;L;H
3390;Tielt (Vl.Br.);Fluvius Zenne-Dijle;Fluvius Zenne-Dijle;L;H
3391;Meensel-Kiezegem;Fluvius Zenne-Dijle;Fluvius Zenne-Dijle;L;H
3450;Grazen;Fluvius Zenne-Dijle;Fluvius Zenne-Dijle;L;H
3473;Waanrode;Fluvius Zenne-Dijle;Fluvius Zenne-Dijle;L;H
3530;Houthalen-Oost;Fluvius Limburg;Fluvius Limburg;H;H
3530;Helchteren;Fluvius Limburg;Fluvius Limburg;L;H
3540;Schulen;Fluvius Limburg;Fluvius Limburg;L;H
3560;Linkhout;Fluvius Limburg;Fluvius Limburg;L;H
3581;Beverlo;Fluvius Limburg;Fluvius Limburg;L;H
3600;Genk;Fluvius Limburg;Fluvius Limburg;H;H
3631;Boorsem;Fluvius Limburg;Fluvius Limburg;H;H
3640;Kinrooi;Fluvius Limburg;Fluvius Limburg;H;H
3660;Opglabbeek;Fluvius Limburg;Fluvius Limburg;H;H
3680;Maaseik;Fluvius Limburg;Fluvius Limburg;H;H
3730;Romershoven;Fluvius Limburg;Fluvius Limburg;H;H
3770;Genoelselderen;Fluvius Limburg;Fluvius Limburg;H;H
3800;Brustem;Fluvius Limburg;Fluvius Limburg;H;H
3830;Wellen;Fluvius Limburg;Fluvius Limburg;H;H
3840;Kerniel;Fluvius Limburg;Fluvius Limburg;H;H
3850;Wijer;Fluvius Limburg;Fluvius Limburg;L;H
3870;Rukkelingen-Loon;Fluvius Limburg;Fluvius Limburg;H;H
3890;Jeuk;Fluvius Limburg;Fluvius Limburg;L;H
3891;Mielen-boven-Aalst;Fluvius Limburg;Fluvius Limburg;L;H
3941;Eksel;Fluvius Limburg;Fluvius Limburg;H;H
3950;Bocholt;Fluvius Limburg;Fluvius Limburg;H;H
8300;Westkapelle;Fluvius Imewo;Fluvius Imewo;H;H
8301;Ramskapelle (Knokke-Heist);Fluvius Imewo;Fluvius Imewo;H;H
8340;Oostkerke (Damme);Fluvius Imewo;Fluvius Imewo;H;H
8370;Blankenberge;Fluvius Imewo;Fluvius Imewo;H;H
8400;Stene;Fluvius Imewo;Fluvius Imewo;H;H
8490;Jabbeke;Fluvius Imewo;Fluvius Imewo;H;H
8553;Otegem;Fluvius West;Fluvius West;H;H
8570;Ingooigem;Fluvius West;Fluvius West;H;H
8581;Waarmaarde;Fluvius West;Fluvius West;H;H
8583;Bossuit;Fluvius West;Fluvius West;H;H
8600;Diksmuide;Fluvius West;Fluvius West;H;H
8600;Keiem;Fluvius West;Fluvius West;H;H
8630;Avekapelle;Fluvius West;Fluvius West;H;H
8630;Houtem;Fluvius West;Fluvius West;H;H
8647;Noordschote;Fluvius West;Fluvius West;H;H
8650;Houthulst;Fluvius West;Fluvius West;H;H
8691;Izenberge;Fluvius West;Fluvius West;H;H
8700;Tielt;Fluvius West;Fluvius West;H;H
8720;Oeselgem;Fluvius West;Fluvius West;H;H
8750;Wingene;Fluvius West;Fluvius West;H;H
8793;Sint-Eloois-Vijve;Fluvius West;Fluvius West;H;H
8870;Izegem;Fluvius West;Fluvius West;H;H
8940;Geluwe;Fluvius West;Fluvius West;H;H
8951;Dranouter;Fluvius West;Fluvius West;H;H
8970;Reningelst;Fluvius West;Fluvius West;H;H
8980;Zonnebeke;Fluvius West;Fluvius West;H;H
9051;Afsnee;Fluvius Imewo;Fluvius Imewo;H;H
9170;Meerdonk;Fluvius Midden-Vlaanderen;Fluvius Midden-Vlaanderen;H;H
9185;Wachtebeke;Fluvius Imewo;Fluvius Imewo;H;H
9308;Hofstade (O.-Vl.);Fluvius Midden-Vlaanderen;Fluvius Midden-Vlaanderen;H;H
9400;Appelterre-Eichem;Fluvius Midden-Vlaanderen;Fluvius Midden-Vlaanderen;H;H
9400;Ninove;Fluvius Midden-Vlaanderen;Fluvius Midden-Vlaanderen;H;H
9420;Bambrugge;Fluvius Midden-Vlaanderen;Fluvius Midden-Vlaanderen;H;H
9420;Burst;Fluvius Midden-Vlaanderen;Fluvius Midden-Vlaanderen;H;H
9500;Goeferdinge;Fluvius Midden-Vlaanderen;Fluvius Midden-Vlaanderen;H;H
9500;Overboelare;Fluvius Midden-Vlaanderen;Fluvius Midden-Vlaanderen;H;H
9520;Vlierzele;Fluvius Imewo;Fluvius Imewo;H;H
9570;Deftinge;Fluvius Midden-Vlaanderen;Fluvius Midden-Vlaanderen;H;H
9571;Hemelveerdegem;Fluvius Midden-Vlaanderen;Fluvius Midden-Vlaanderen;H;H
9620;Erwetegem;Fluvius Midden-Vlaanderen;Fluvius Midden-Vlaanderen;H;H
9620;Velzeke-Ruddershove;Fluvius Midden-Vlaanderen;Fluvius Midden-Vlaanderen;H;H
9660;Brakel;Fluvius Midden-Vlaanderen;Fluvius Midden-Vlaanderen;H;H
9660;Michelbeke;Fluvius Midden-Vlaanderen;Fluvius Midden-Vlaanderen;H;H
9700;Heurne;Fluvius West;Fluvius West;H;H
9790;Wortegem;Fluvius West;Fluvius West;H;H
9800;Grammene;Fluvius Imewo;Fluvius Imewo;H;H
9820;Lemberge;Fluvius Imewo;Fluvius Imewo;H;H
9830;Sint-Martens-Latem;Fluvius Imewo;Fluvius Imewo;H;H
9860;Balegem;Fluvius Imewo;Fluvius Imewo;H;H
9870;Zulte;Fluvius West;Fluvius West;H;H
9890;Asper;Fluvius West;Fluvius West;H;H
9890;Dikkelvenne;Fluvius West;Fluvius West;H;H
9890;Vurste;Fluvius West;Fluvius West;H;H
9900;Eeklo;Fluvius Imewo;Fluvius Imewo;H;H
1570;Tollembeek;Fluvius Halle-Vilvoorde;Fluvius Halle-Vilvoorde;L;H
1651;Lot;Fluvius Halle-Vilvoorde;Fluvius Halle-Vilvoorde;L;H
1750;Sint-Martens-Lennik;Fluvius Halle-Vilvoorde;Fluvius Halle-Vilvoorde;L(H);H
1755;Kester;Fluvius Halle-Vilvoorde;Fluvius Halle-Vilvoorde;L;H
1785;Hamme (Vl.Br.);Fluvius Halle-Vilvoorde;Fluvius Halle-Vilvoorde;L;H
1861;Wolvertem;Fluvius Halle-Vilvoorde;Fluvius Halle-Vilvoorde;L;H
1880;Nieuwenrode;Fluvius Halle-Vilvoorde;Fluvius Halle-Vilvoorde;L;H
2030;Antwerpen;Fluvius Antwerpen;Fluvius Antwerpen;L;H
2110;Wijnegem;Fluvius Antwerpen;Fluvius Antwerpen;L;H
2160;Wommelgem;Fluvius Antwerpen;Fluvius Antwerpen;L;H
2235;Houtvenne;Fluvius Zenne-Dijle;Fluvius Zenne-Dijle;L;H
2370;Arendonk;Fluvius Kempen;Fluvius Kempen;L;H
2390;Westmalle;Fluvius Antwerpen;Fluvius Antwerpen;L;H
2520;Oelegem;Fluvius Antwerpen;Fluvius Antwerpen;L;H
2531;Vremde;Fluvius Antwerpen;Fluvius Antwerpen;L;H
2580;Beerzel;Fluvius Zenne-Dijle;Fluvius Zenne-Dijle;L;H
2590;Berlaar;Fluvius Zenne-Dijle;Fluvius Zenne-Dijle;L;H
2830;Tisselt;Fluvius Zenne-Dijle;Fluvius Zenne-Dijle;L;H
2870;Breendonk;Fluvius Zenne-Dijle;Fluvius Zenne-Dijle;L;H
2870;Puurs;Fluvius Zenne-Dijle;Fluvius Zenne-Dijle;L;H
2880;Mariekerke;Fluvius Zenne-Dijle;Fluvius Zenne-Dijle;L;H
2970;'s Gravenwezel;Fluvius Antwerpen;Fluvius Antwerpen;L;H
3012;Wilsele;Fluvius Zenne-Dijle;Fluvius Zenne-Dijle;L;H
3020;Winksele;Fluvius Zenne-Dijle;Fluvius Zenne-Dijle;L;H
3040;Huldenberg;Fluvius Zenne-Dijle;Fluvius Zenne-Dijle;L;H
3272;Messelbroek;Fluvius Zenne-Dijle;Fluvius Zenne-Dijle;L;H
3293;Kaggevinne;Fluvius Zenne-Dijle;Fluvius Zenne-Dijle;L;H
3294;Molenstede;Fluvius Zenne-Dijle;Fluvius Zenne-Dijle;L;H
3350;Neerlinter;Fluvius Zenne-Dijle;Fluvius Zenne-Dijle;L;H
3380;Glabbeek-Zuurbemde;Fluvius Zenne-Dijle;Fluvius Zenne-Dijle;L;H
3390;Houwaart;Fluvius Zenne-Dijle;Fluvius Zenne-Dijle;L;H
3401;Wezeren;Fluvius Zenne-Dijle;Fluvius Zenne-Dijle;L;H
3450;Geetbets;Fluvius Zenne-Dijle;Fluvius Zenne-Dijle;L;H
3461;Molenbeek-Wersbeek;Fluvius Zenne-Dijle;Fluvius Zenne-Dijle;L;H
3471;Hoeleden;Fluvius Zenne-Dijle;Fluvius Zenne-Dijle;L;H
3501;Wimmertingen;Fluvius Limburg;Fluvius Limburg;H;H
3540;Herk-de-Stad;Fluvius Limburg;Fluvius Limburg;L;H
3550;Zolder;Fluvius Limburg;Fluvius Limburg;L;H
3560;Meldert (Limb.);Fluvius Limburg;Fluvius Limburg;L;H
3570;Alken;Fluvius Limburg;Fluvius Limburg;H;H
3680;Opoeteren;Fluvius Limburg;Fluvius Limburg;H;H
3690;Zutendaal;Fluvius Limburg;Fluvius Limburg;H;H
3700;Diets-Heur;Fluvius Limburg;Fluvius Limburg;H;H
3700;Mal;Fluvius Limburg;Fluvius Limburg;H;H
3700;Neerrepen;Fluvius Limburg;Fluvius Limburg;H;H
3700;Vreren;Fluvius Limburg;Fluvius Limburg;H;H
3770;Kanne;Fluvius Limburg;Fluvius Limburg;H;H
3800;Groot-Gelmen;Fluvius Limburg;Fluvius Limburg;H;H
3840;Kuttekoven;Fluvius Limburg;Fluvius Limburg;H;H
3850;Binderveld;Fluvius Limburg;Fluvius Limburg;L;H
3870;Opheers;Fluvius Limburg;Fluvius Limburg;H;H
3870;Vechmaal;Fluvius Limburg;Fluvius Limburg;H;H
3890;Vorsen;Fluvius Limburg;Fluvius Limburg;L;H
3891;Borlo;Fluvius Limburg;Fluvius Limburg;L;H
3910;Neerpelt;Fluvius Limburg;Fluvius Limburg;H;H
3970;Leopoldsburg;Fluvius Limburg;Fluvius Limburg;H;H
8211;Aartrijke;Fluvius Imewo;Fluvius Imewo;H;H
8370;Uitkerke;Fluvius Imewo;Fluvius Imewo;H;H
8377;Houtave;Fluvius Imewo;Fluvius Imewo;H;H
8377;Meetkerke;Fluvius Imewo;Fluvius Imewo;H;H
8377;Zuienkerke;Fluvius Imewo;Fluvius Imewo;H;H
8380;Lissewege;Fluvius Imewo;Fluvius Imewo;H;H
8420;Wenduine;Fluvius Imewo;Fluvius Imewo;H;H
8431;Wilskerke;Fluvius West;Fluvius West;H;H
8510;Rollegem;Fluvius West;Fluvius West;H;H
8531;Bavikhove;Fluvius West;Fluvius West;H;H
8560;Wevelgem;Fluvius West;Fluvius West;H;H
8572;Kaster;Fluvius West;Fluvius West;H;H
8600;Pervijze;Fluvius West;Fluvius West;H;H
8620;Sint-Joris (Nieuwpoort);Fluvius West;Fluvius West;H;H
8640;Woesten;Fluvius West;Fluvius West;H;H
8690;Hoogstade;Fluvius West;Fluvius West;H;H
8691;Gijverinkhove;Fluvius West;Fluvius West;H;H
8691;Stavele;Fluvius West;Fluvius West;H;H
8710;Wielsbeke;Fluvius West;Fluvius West;H;H
8750;Zwevezele;Fluvius West;Fluvius West;H;H
8760;Meulebeke;Fluvius West;Fluvius West;H;H
8830;Gits;Fluvius West;Fluvius West;H;H
8890;Moorslede;Fluvius West;Fluvius West;H;H
8900;Dikkebus;Fluvius West;Fluvius West;H;H
8900;Sint-Jan;Fluvius West;Fluvius West;H;H
8930;Menen;Fluvius West;Fluvius West;H;H
8970;Poperinge;Fluvius West;Fluvius West;H;H
8972;Krombeke;Fluvius West;Fluvius West;H;H
9030;Mariakerke;Fluvius Imewo;Fluvius Imewo;H;H
9031;Drongen;Fluvius Imewo;Fluvius Imewo;H;H
9041;Oostakker;Fluvius Imewo;Fluvius Imewo;H;H
9100;Nieuwkerken-Waas;Fluvius Midden-Vlaanderen;Fluvius Midden-Vlaanderen;H;H
9112;Sinaai;Fluvius Midden-Vlaanderen;Fluvius Midden-Vlaanderen;H;H
9190;Stekene;Fluvius Midden-Vlaanderen;Fluvius Midden-Vlaanderen;H;H
9200;Baasrode;Fluvius Midden-Vlaanderen;Fluvius Midden-Vlaanderen;H;H
9200;Dendermonde;Fluvius Midden-Vlaanderen;Fluvius Midden-Vlaanderen;H;H
9200;Grembergen;Fluvius Midden-Vlaanderen;Fluvius Midden-Vlaanderen;H;H
9220;Moerzeke;Fluvius Midden-Vlaanderen;Fluvius Midden-Vlaanderen;H;H
9310;Meldert (O.-Vl.);Fluvius Midden-Vlaanderen;Fluvius Midden-Vlaanderen;H;H
9310;Moorsel;Fluvius Midden-Vlaanderen;Fluvius Midden-Vlaanderen;H;H
9340;Lede;Fluvius Imewo;Fluvius Imewo;H;H
9340;Oordegem;Fluvius Imewo;Fluvius Imewo;H;H
9340;Smetlede;Fluvius Imewo;Fluvius Imewo;H;H
9402;Meerbeke;Fluvius Midden-Vlaanderen;Fluvius Midden-Vlaanderen;H;H
9450;Heldergem;Fluvius Midden-Vlaanderen;Fluvius Midden-Vlaanderen;H;H
9500;Ophasselt;Fluvius Midden-Vlaanderen;Fluvius Midden-Vlaanderen;H;H
9506;Waarbeke;Fluvius Midden-Vlaanderen;Fluvius Midden-Vlaanderen;H;H
9506;Zandbergen;Fluvius Midden-Vlaanderen;Fluvius Midden-Vlaanderen;H;H
9550;Sint-Lievens-Esse;Fluvius Midden-Vlaanderen;Fluvius Midden-Vlaanderen;H;H
9551;Ressegem;Fluvius Midden-Vlaanderen;Fluvius Midden-Vlaanderen;H;H
9667;Sint-Kornelis-Horebeke;Fluvius West;Fluvius West;H;H
9680;Etikhove;Fluvius West;Fluvius West;H;H
9681;Nukerke;Fluvius West;Fluvius West;H;H
9690;Ruien;Fluvius West;Fluvius West;H;H
9700;Bevere;Fluvius West;Fluvius West;H;H
9700;Edelare;Fluvius West;Fluvius West;H;H
9700;Melden;Fluvius West;Fluvius West;H;H
9770;Kruishoutem;Fluvius West;Fluvius West;H;H
9800;Wontergem;Fluvius Imewo;Fluvius Imewo;H;H
9810;Eke;Fluvius Imewo;Fluvius Imewo;H;H
9820;Schelderode;Fluvius Imewo;Fluvius Imewo;H;H
9850;Merendree;Fluvius Imewo;Fluvius Imewo;H;H
9850;Nevele;Fluvius Imewo;Fluvius Imewo;H;H
9880;Lotenhulle;Fluvius Imewo;Fluvius Imewo;H;H
9880;Poeke;Fluvius Imewo;Fluvius Imewo;H;H
9881;Bellem;Fluvius Imewo;Fluvius Imewo;H;H
9890;Gavere;Fluvius West;Fluvius West;H;H
9910;Ursel;Fluvius Imewo;Fluvius Imewo;H;H
9940;Ertvelde;Fluvius Imewo;Fluvius Imewo;H;H
9992;Middelburg;Fluvius Imewo;Fluvius Imewo;H;H
1547;Bever/Biévène;Fluvius Midden-Vlaanderen;Fluvius Midden-Vlaanderen;H;H
1654;Huizingen;Fluvius Halle-Vilvoorde;Fluvius Halle-Vilvoorde;L;H
1674;Bellingen;Fluvius Halle-Vilvoorde;Fluvius Halle-Vilvoorde;L;H
1742;Sint-Katherina-Lombeek;Fluvius Halle-Vilvoorde;Fluvius Halle-Vilvoorde;H(L);H
1750;Gaasbeek;Fluvius Halle-Vilvoorde;Fluvius Halle-Vilvoorde;L;H
1750;Sint-Kwintens-Lennik;Fluvius Halle-Vilvoorde;Fluvius Halle-Vilvoorde;H-L;H
1755;Oetingen;Fluvius Halle-Vilvoorde;Fluvius Halle-Vilvoorde;L;H
1760;Roosdaal;Fluvius Halle-Vilvoorde;Fluvius Halle-Vilvoorde;H;H
1780;Wemmel;Fluvius Halle-Vilvoorde;Fluvius Halle-Vilvoorde;L;H
1790;Hekelgem;Fluvius Halle-Vilvoorde;Fluvius Halle-Vilvoorde;H;H
1930;Zaventem;Fluvius Halle-Vilvoorde;Fluvius Halle-Vilvoorde;L;H
1970;Wezembeek-Oppem;Fluvius Halle-Vilvoorde;Fluvius Halle-Vilvoorde;L;H
1980;Eppegem;Fluvius Halle-Vilvoorde;Fluvius Halle-Vilvoorde;L;H
1980;Zemst;Fluvius Halle-Vilvoorde;Fluvius Halle-Vilvoorde;L;H
2060;Antwerpen;Fluvius Antwerpen;Fluvius Antwerpen;L;H
2170;Merksem;Fluvius Antwerpen;Fluvius Antwerpen;L;H
2221;Booischot;Fluvius Zenne-Dijle;Fluvius Zenne-Dijle;L;H
2310;Rijkevorsel;Fluvius Kempen;Fluvius Kempen;L;H
2387;Zondereigen;Fluvius Kempen;Fluvius Kempen;L;H
2430;Eindhout;Fluvius Limburg;Fluvius Limburg;L;H
2460;Lichtaart;Fluvius Kempen;Fluvius Kempen;L;H
2547;Lint;Fluvius Antwerpen;Fluvius Antwerpen;L;H
2600;Berchem;Fluvius Antwerpen;Fluvius Antwerpen;L;H
2800;Mechelen;Fluvius Zenne-Dijle;Fluvius Zenne-Dijle;L;H
2812;Muizen (Mechelen);Fluvius Zenne-Dijle;Fluvius Zenne-Dijle;L;H
2830;Heindonk;Fluvius Zenne-Dijle;Fluvius Zenne-Dijle;L;H
2870;Liezele;Fluvius Zenne-Dijle;Fluvius Zenne-Dijle;L;H
2890;Oppuurs;Fluvius Zenne-Dijle;Fluvius Zenne-Dijle;L;H
2930;Brasschaat;Fluvius Antwerpen;Fluvius Antwerpen;L;H
2960;Sint-Lenaarts;Fluvius Antwerpen;Fluvius Antwerpen;L;H
3040;Loonbeek;Fluvius Zenne-Dijle;Fluvius Zenne-Dijle;L;H
3052;Blanden;Fluvius Zenne-Dijle;Fluvius Zenne-Dijle;L;H
3053;Haasrode;Fluvius Zenne-Dijle;Fluvius Zenne-Dijle;L;H
3060;Korbeek-Dijle;Fluvius Zenne-Dijle;Fluvius Zenne-Dijle;L;H
3080;Vossem;Fluvius Zenne-Dijle;Fluvius Zenne-Dijle;L;H
3110;Rotselaar;Fluvius Zenne-Dijle;Fluvius Zenne-Dijle;L;H
3111;Wezemaal;Fluvius Zenne-Dijle;Fluvius Zenne-Dijle;L;H
3128;Baal;Fluvius Zenne-Dijle;Fluvius Zenne-Dijle;L;H
3200;Aarschot;Fluvius Zenne-Dijle;Fluvius Zenne-Dijle;L;H
3201;Langdorp;Fluvius Zenne-Dijle;Fluvius Zenne-Dijle;L;H
3210;Lubbeek;Fluvius Zenne-Dijle;Fluvius Zenne-Dijle;L;H
3212;Pellenberg;Fluvius Zenne-Dijle;Fluvius Zenne-Dijle;L;H
3220;Holsbeek;Fluvius Zenne-Dijle;Fluvius Zenne-Dijle;L;H
3290;Deurne (Vl.Br.);Fluvius Zenne-Dijle;Fluvius Zenne-Dijle;L;H
3300;Kumtich;Fluvius Zenne-Dijle;Fluvius Zenne-Dijle;L;H
3300;Sint-Margriete-Houtem;Fluvius Zenne-Dijle;Fluvius Zenne-Dijle;L;H
3320;Hoegaarden;Fluvius Zenne-Dijle;Fluvius Zenne-Dijle;L;H
3350;Melkwezer;Fluvius Zenne-Dijle;Fluvius Zenne-Dijle;L;H
3350;Neerhespen;Fluvius Zenne-Dijle;Fluvius Zenne-Dijle;L;H
3370;Roosbeek;Fluvius Zenne-Dijle;Fluvius Zenne-Dijle;L;H
3400;Landen;Fluvius Zenne-Dijle;Fluvius Zenne-Dijle;L;H
3400;Rumsdorp;Fluvius Zenne-Dijle;Fluvius Zenne-Dijle;L;H
3401;Walshoutem;Fluvius Zenne-Dijle;Fluvius Zenne-Dijle;L;H
3440;Budingen;Fluvius Zenne-Dijle;Fluvius Zenne-Dijle;L;H
3440;Halle-Booienhoven;Fluvius Zenne-Dijle;Fluvius Zenne-Dijle;L;H
3440;Helen-Bos;Fluvius Zenne-Dijle;Fluvius Zenne-Dijle;L;H
3440;Zoutleeuw;Fluvius Zenne-Dijle;Fluvius Zenne-Dijle;L;H
3454;Rummen;Fluvius Zenne-Dijle;Fluvius Zenne-Dijle;L;H
3460;Bekkevoort;Fluvius Zenne-Dijle;Fluvius Zenne-Dijle;L;H
3470;Kortenaken;Fluvius Zenne-Dijle;Fluvius Zenne-Dijle;L;H
3512;Stevoort;Fluvius Limburg;Fluvius Limburg;L;H
3520;Zonhoven;Fluvius Limburg;Fluvius Limburg;H;H
3630;Eisden;Fluvius Limburg;Fluvius Limburg;H;H
3650;Rotem;Fluvius Limburg;Fluvius Limburg;H;H
3670;Meeuwen;Fluvius Limburg;Fluvius Limburg;H;H
3670;Wijshagen;Fluvius Limburg;Fluvius Limburg;H;H
3720;Kortessem;Fluvius Limburg;Fluvius Limburg;H;H
3721;Vliermaalroot;Fluvius Limburg;Fluvius Limburg;H;H
3732;Schalkhoven;Fluvius Limburg;Fluvius Limburg;H;H
3742;Martenslinde;Fluvius Limburg;Fluvius Limburg;H;H
3793;Teuven;Fluvius Limburg;;H;Niet Fluvius
3803;Duras;Fluvius Limburg;Fluvius Limburg;L;H
3840;Groot-Loon;Fluvius Limburg;Fluvius Limburg;H;H
3850;Kozen;Fluvius Limburg;Fluvius Limburg;L;H
3900;Overpelt;Fluvius Limburg;Fluvius Limburg;H;H
3910;Sint-Huibrechts-Lille;Fluvius Limburg;Fluvius Limburg;H;H
3920;Lommel;Fluvius Limburg;Fluvius Limburg;H;H
3930;Hamont;Fluvius Limburg;Fluvius Limburg;H;H
3945;Oostham;Fluvius Limburg;Fluvius Limburg;L;H
3950;Reppel;Fluvius Limburg;Fluvius Limburg;H;H
3990;Peer;Fluvius Limburg;Fluvius Limburg;H;H
8000;Koolkerke;Fluvius Imewo;Fluvius Imewo;H;H
8020;Ruddervoorde;Fluvius Imewo;Fluvius Imewo;H;H
8210;Zedelgem;Fluvius Imewo;Fluvius Imewo;H;H
8340;Moerkerke;Fluvius Imewo;Fluvius Imewo;H;H
8433;Schore;Fluvius West;Fluvius West;H;H
8433;Sint-Pieters-Kapelle (W.-Vl.);Fluvius West;Fluvius West;H;H
8470;Gistel;Fluvius West;Fluvius West;H;H
8470;Zevekote;Fluvius West;Fluvius West;H;H
8480;Eernegem;Fluvius West;Fluvius West;H;H
8480;Ichtegem;Fluvius West;Fluvius West;H;H
8540;Deerlijk;Fluvius West;Fluvius West;H;H
8554;Sint-Denijs;Fluvius West;Fluvius West;H;H
8560;Gullegem;Fluvius West;Fluvius West;H;H
8600;Leke;Fluvius West;Fluvius West;H;H
8600;Nieuwkapelle;Fluvius West;Fluvius West;H;H
8600;Sint-Jacobs-Kapelle;Fluvius West;Fluvius West;H;H
8670;Wulpen;Fluvius West;Fluvius West;H;H
8680;Zande;Fluvius West;Fluvius West;H;H
8690;Sint-Rijkers;Fluvius West;Fluvius West;H;H
8710;Sint-Baafs-Vijve;Fluvius West;Fluvius West;H;H
8730;Beernem;Fluvius Imewo;Fluvius Imewo;H;H
8730;Oedelem;Fluvius Imewo;Fluvius Imewo;H;H
8740;Egem;Fluvius West;Fluvius West;H;H
8780;Oostrozebeke;Fluvius West;Fluvius West;H;H
8791;Beveren (Leie);Fluvius West;Fluvius West;H;H
8820;Torhout;Fluvius West;Fluvius West;H;H
8830;Hooglede;Fluvius West;Fluvius West;H;H
8840;Oostnieuwkerke;Fluvius West;Fluvius West;H;H
8851;Koolskamp;Fluvius West;Fluvius West;H;H
8860;Lendelede;Fluvius West;Fluvius West;H;H
8880;Ledegem;Fluvius West;Fluvius West;H;H
8920;Poelkapelle;Fluvius West;Fluvius West;H;H
8950;Nieuwkerke;Fluvius West;Fluvius West;H;H
8957;Mesen/Messines;Fluvius West;Fluvius West;H;H
8980;Beselare;Fluvius West;Fluvius West;H;H
9051;Sint-Denijs-Westrem;Fluvius Imewo;Fluvius Imewo;H;H
9052;Zwijnaarde;Fluvius Imewo;Fluvius Imewo;H;H
9080;Zaffelare;Fluvius Imewo;Fluvius Imewo;H;H
9111;Belsele;Fluvius Midden-Vlaanderen;Fluvius Midden-Vlaanderen;H;H
9120;Kallo (Beveren-Waas);Fluvius Midden-Vlaanderen;Fluvius Midden-Vlaanderen;H;H
9140;Elversele;Fluvius Midden-Vlaanderen;Fluvius Midden-Vlaanderen;H;H
9140;Tielrode;Fluvius Midden-Vlaanderen;Fluvius Midden-Vlaanderen;H;H
9150;Bazel;Fluvius Midden-Vlaanderen;Fluvius Midden-Vlaanderen;H;H
9255;Buggenhout;Fluvius Midden-Vlaanderen;Fluvius Midden-Vlaanderen;H;H
9260;Schellebelle;Fluvius Imewo;Fluvius Imewo;H;H
9280;Denderbelle;Fluvius Midden-Vlaanderen;Fluvius Midden-Vlaanderen;H;H
9300;Aalst;Fluvius Midden-Vlaanderen;Fluvius Midden-Vlaanderen;H;H
9400;Lieferinge;Fluvius Midden-Vlaanderen;Fluvius Midden-Vlaanderen;H;H
9404;Aspelare;Fluvius Midden-Vlaanderen;Fluvius Midden-Vlaanderen;H;H
9406;Outer;Fluvius Midden-Vlaanderen;Fluvius Midden-Vlaanderen;H;H
9420;Mere;Fluvius Midden-Vlaanderen;Fluvius Midden-Vlaanderen;H;H
9450;Haaltert;Fluvius Midden-Vlaanderen;Fluvius Midden-Vlaanderen;H;H
9500;Zarlardinge;Fluvius Midden-Vlaanderen;Fluvius Midden-Vlaanderen;H;H
9506;Nieuwenhove;Fluvius Midden-Vlaanderen;Fluvius Midden-Vlaanderen;H;H
9506;Smeerebbe-Vloerzegem;Fluvius Midden-Vlaanderen;Fluvius Midden-Vlaanderen;H;H
9520;Zonnegem;Fluvius Imewo;Fluvius Imewo;H;H
9521;Letterhoutem;Fluvius Imewo;Fluvius Imewo;H;H
9552;Borsbeke;Fluvius Midden-Vlaanderen;Fluvius Midden-Vlaanderen;H;H
9620;Sint-Maria-Oudenhove;Fluvius Midden-Vlaanderen;Fluvius Midden-Vlaanderen;H;H
9630;Sint-Denijs-Boekel;Fluvius West;Fluvius West;H;H
9690;Berchem (O.-Vl.);Fluvius West;Fluvius West;H;H
9690;Kwaremont;Fluvius West;Fluvius West;H;H
9700;Eine;Fluvius West;Fluvius West;H;H
9700;Oudenaarde;Fluvius West;Fluvius West;H;H
9700;Welden;Fluvius West;Fluvius West;H;H
9750;Ouwegem;Fluvius West;Fluvius West;H;H
9790;Moregem;Fluvius West;Fluvius West;H;H
9790;Petegem-aan-de-Schelde;Fluvius West;Fluvius West;H;H
9800;Deinze;Fluvius Imewo;Fluvius Imewo;H;H
9800;Gottem;Fluvius Imewo;Fluvius Imewo;H;H
9800;Zeveren;Fluvius Imewo;Fluvius Imewo;H;H
9820;Munte;Fluvius Imewo;Fluvius Imewo;H;H
9860;Gijzenzele;Fluvius Imewo;Fluvius Imewo;H;H
9890;Baaigem;Fluvius West;Fluvius West;H;H
9910;Knesselare;Fluvius Imewo;Fluvius Imewo;H;H
9921;Vinderhoute;Fluvius Imewo;Fluvius Imewo;H;H
9950;Waarschoot;Fluvius Imewo;Fluvius Imewo;H;H
9980;Sint-Laureins;Fluvius Imewo;Fluvius Imewo;H;H
1500;Halle;Fluvius Halle-Vilvoorde;Fluvius Halle-Vilvoorde;L;H
1502;Lembeek;Fluvius Halle-Vilvoorde;Fluvius Halle-Vilvoorde;L;H
1570;Galmaarden;Fluvius Halle-Vilvoorde;Fluvius Halle-Vilvoorde;L;H
1600;Oudenaken;Fluvius Halle-Vilvoorde;Fluvius Halle-Vilvoorde;L;H
1630;Linkebeek;Fluvius Halle-Vilvoorde;Fluvius Halle-Vilvoorde;L;H
1640;Sint-Genesius-Rode;Fluvius Halle-Vilvoorde;Fluvius Halle-Vilvoorde;L;H
1670;Pepingen;Fluvius Halle-Vilvoorde;Fluvius Halle-Vilvoorde;L;H
1701;Itterbeek;Fluvius Halle-Vilvoorde;Fluvius Halle-Vilvoorde;L;H
1745;Mazenzele;Fluvius Halle-Vilvoorde;Fluvius Halle-Vilvoorde;H;H
1790;Essene;Fluvius Halle-Vilvoorde;Fluvius Halle-Vilvoorde;H;H
1790;Teralfene;Fluvius Halle-Vilvoorde;Fluvius Halle-Vilvoorde;H;H
1800;Vilvoorde;Fluvius Halle-Vilvoorde;Fluvius Halle-Vilvoorde;L;H
1840;Londerzeel;Fluvius Halle-Vilvoorde;Fluvius Halle-Vilvoorde;H;H
1852;Beigem;Fluvius Halle-Vilvoorde;Fluvius Halle-Vilvoorde;L;H
1853;Strombeek-Bever;Fluvius Halle-Vilvoorde;Fluvius Halle-Vilvoorde;L;H
1933;Sterrebeek;Fluvius Halle-Vilvoorde;Fluvius Halle-Vilvoorde;L;H
2040;Antwerpen;Fluvius Antwerpen;Fluvius Antwerpen;L;H
2040;Berendrecht;Fluvius Antwerpen;Fluvius Antwerpen;L;H
2220;Hallaar;Fluvius Zenne-Dijle;Fluvius Zenne-Dijle;L;H
2243;Pulle;Fluvius Kempen;Fluvius Kempen;L;H
2275;Lille;Fluvius Kempen;Fluvius Kempen;L;H
2280;Grobbendonk;Fluvius Antwerpen;Fluvius Antwerpen;L;H
2328;Meerle;Fluvius Kempen;Fluvius Kempen;L;H
2431;Veerle;Fluvius Limburg;Fluvius Limburg;L;H
2460;Tielen;Fluvius Kempen;Fluvius Kempen;L;H
2491;Olmen;Fluvius Kempen;Fluvius Kempen;L;H
2811;Hombeek;Fluvius Zenne-Dijle;Fluvius Zenne-Dijle;L;H
2811;Leest;Fluvius Zenne-Dijle;Fluvius Zenne-Dijle;L;H
2890;Lippelo;Fluvius Zenne-Dijle;Fluvius Zenne-Dijle;L;H
2960;Sint-Job-in-'t-Goor;Fluvius Antwerpen;Fluvius Antwerpen;L;H
3071;Erps-Kwerps;Fluvius Zenne-Dijle;Fluvius Zenne-Dijle;L;H
3078;Everberg;Fluvius Zenne-Dijle;Fluvius Zenne-Dijle;L;H
3130;Begijnendijk;Fluvius Zenne-Dijle;Fluvius Zenne-Dijle;L;H
3150;Tildonk;Fluvius Zenne-Dijle;Fluvius Zenne-Dijle;L;H
3190;Boortmeerbeek;Fluvius Zenne-Dijle;Fluvius Zenne-Dijle;L;H
3360;Korbeek-Lo;Fluvius Zenne-Dijle;Fluvius Zenne-Dijle;L;H
3390;Sint-Joris-Winge;Fluvius Zenne-Dijle;Fluvius Zenne-Dijle;L;H
3400;Neerwinden;Fluvius Zenne-Dijle;Fluvius Zenne-Dijle;L;H
3500;Sint-Lambrechts-Herk;Fluvius Limburg;Fluvius Limburg;H;H
3510;Kermt;Fluvius Limburg;Fluvius Limburg;L;H
3620;Lanaken;Fluvius Limburg;Fluvius Limburg;H;H
3620;Neerharen;Fluvius Limburg;Fluvius Limburg;H;H
3620;Veldwezelt;Fluvius Limburg;Fluvius Limburg;H;H
3650;Lanklaar;Fluvius Limburg;Fluvius Limburg;H;H
3650;Stokkem;Fluvius Limburg;Fluvius Limburg;H;H
3668;Niel-bij-As;Fluvius Limburg;Fluvius Limburg;H;H
3680;Neeroeteren;Fluvius Limburg;Fluvius Limburg;H;H
3700;Berg (Limb.);Fluvius Limburg;Fluvius Limburg;H;H
3700;'s Herenelderen;Fluvius Limburg;Fluvius Limburg;H;H
3740;Bilzen;Fluvius Limburg;Fluvius Limburg;H;H
3740;Eigenbilzen;Fluvius Limburg;Fluvius Limburg;H;H
3740;Munsterbilzen;Fluvius Limburg;Fluvius Limburg;H;H
3770;Riemst;Fluvius Limburg;Fluvius Limburg;H;H
3800;Aalst (Limb.);Fluvius Limburg;Fluvius Limburg;H;H
3800;Gelinden;Fluvius Limburg;Fluvius Limburg;H;H
3803;Wilderen;Fluvius Limburg;Fluvius Limburg;H;H
3840;Gotem;Fluvius Limburg;Fluvius Limburg;H;H
3840;Rijkel;Fluvius Limburg;Fluvius Limburg;H;H
3870;Horpmaal;Fluvius Limburg;Fluvius Limburg;H;H
3890;Boekhout;Fluvius Limburg;Fluvius Limburg;L;H
3960;Gerdingen;Fluvius Limburg;Fluvius Limburg;H;H
3971;Heppen;Fluvius Limburg;Fluvius Limburg;H;H
3980;Tessenderlo;Fluvius Limburg;Fluvius Limburg;L;H
3990;Grote-Brogel;Fluvius Limburg;Fluvius Limburg;H;H
8200;Sint-Michiels;Fluvius Imewo;Fluvius Imewo;H;H
8340;Sijsele;Fluvius Imewo;Fluvius Imewo;H;H
8400;Oostende;Fluvius Imewo;Fluvius Imewo;H;H
8421;Vlissegem;Fluvius Imewo;Fluvius Imewo;H;H
8434;Lombardsijde;Fluvius West;Fluvius West;H;H
8450;Bredene;Fluvius Imewo;Fluvius Imewo;H;H
8460;Roksem;Fluvius West;Fluvius West;H;H
8460;Westkerke;Fluvius West;Fluvius West;H;H
8490;Varsenare;Fluvius Imewo;Fluvius Imewo;H;H
8511;Aalbeke;Fluvius West;Fluvius West;H;H
8570;Gijzelbrechtegem;Fluvius West;Fluvius West;H;H
8600;Vladslo;Fluvius West;Fluvius West;H;H
8630;Eggewaartskapelle;Fluvius West;Fluvius West;H;H
8630;Wulveringem;Fluvius West;Fluvius West;H;H
8660;De Panne;Fluvius West;Fluvius West;H;H
8690;Oeren;Fluvius West;Fluvius West;H;H
8700;Kanegem;Fluvius West;Fluvius West;H;H
8700;Schuiferskapelle;Fluvius West;Fluvius West;H;H
8880;Sint-Eloois-Winkel;Fluvius West;Fluvius West;H;H
8902;Hollebeke;Fluvius West;Fluvius West;H;H
8904;Zuidschote;Fluvius West;Fluvius West;H;H
8940;Wervik;Fluvius West;Fluvius West;H;H
8980;Zandvoorde (Zonnebeke);Fluvius West;Fluvius West;H;H
9042;Desteldonk;Fluvius Imewo;Fluvius Imewo;H;H
9080;Beervelde;Fluvius Imewo;Fluvius Imewo;H;H
9080;Zeveneken;Fluvius Imewo;Fluvius Imewo;H;H
9170;Sint-Pauwels;Fluvius Midden-Vlaanderen;Fluvius Midden-Vlaanderen;H;H
9200;Mespelare;Fluvius Midden-Vlaanderen;Fluvius Midden-Vlaanderen;H;H
9200;Oudegem;Fluvius Midden-Vlaanderen;Fluvius Midden-Vlaanderen;H;H
9270;Kalken;Fluvius Imewo;Fluvius Imewo;H;H
9290;Uitbergen;Fluvius Imewo;Fluvius Imewo;H;H
9308;Gijzegem;Fluvius Midden-Vlaanderen;Fluvius Midden-Vlaanderen;H;H
9320;Nieuwerkerken;Fluvius Midden-Vlaanderen;Fluvius Midden-Vlaanderen;H;H
9420;Erondegem;Fluvius Midden-Vlaanderen;Fluvius Midden-Vlaanderen;H;H
9620;Grotenberge;Fluvius Midden-Vlaanderen;Fluvius Midden-Vlaanderen;H;H
9620;Zottegem;Fluvius Midden-Vlaanderen;Fluvius Midden-Vlaanderen;H;H
9630;Dikkele;Fluvius West;Fluvius West;H;H
9630;Hundelgem;Fluvius West;Fluvius West;H;H
9630;Meilegem;Fluvius West;Fluvius West;H;H
9660;Everbeek;Fluvius Midden-Vlaanderen;Fluvius Midden-Vlaanderen;H;H
9680;Maarke-Kerkem;Fluvius West;Fluvius West;H;H
9688;Schorisse;Fluvius West;Fluvius West;H;H
9790;Ooike;Fluvius West;Fluvius West;H;H
9860;Landskouter;Fluvius Imewo;Fluvius Imewo;H;H
9860;Moortsele;Fluvius Imewo;Fluvius Imewo;H;H
9890;Semmerzake;Fluvius West;Fluvius West;H;H
9931;Oostwinkel;Fluvius Imewo;Fluvius Imewo;H;H
9988;Watervliet;Fluvius Imewo;Fluvius Imewo;H;H
1560;Hoeilaart;Fluvius Zenne-Dijle;Fluvius Zenne-Dijle;L;H
1600;Sint-Pieters-Leeuw;Fluvius Halle-Vilvoorde;Fluvius Halle-Vilvoorde;L;H
1670;Bogaarden;Fluvius Halle-Vilvoorde;Fluvius Halle-Vilvoorde;L;H
1670;Heikruis;Fluvius Halle-Vilvoorde;Fluvius Halle-Vilvoorde;L;H
1730;Kobbegem;Fluvius Halle-Vilvoorde;Fluvius Halle-Vilvoorde;H;H
1731;Relegem;Fluvius Halle-Vilvoorde;Fluvius Halle-Vilvoorde;H;H
1731;Zellik;Fluvius Halle-Vilvoorde;Fluvius Halle-Vilvoorde;H;H
1840;Malderen;Fluvius Halle-Vilvoorde;Fluvius Halle-Vilvoorde;H;H
1850;Grimbergen;Fluvius Halle-Vilvoorde;Fluvius Halle-Vilvoorde;L;H
2020;Antwerpen - Kiel;Fluvius Antwerpen;Fluvius Antwerpen;L;H
2040;Lillo;Fluvius Antwerpen;Fluvius Antwerpen;L;H
2050;Antwerpen Linkeroever;Fluvius Antwerpen;Fluvius Antwerpen;H;H
2240;Viersel;Fluvius Kempen;Fluvius Kempen;L;H
2260;Oevel;Fluvius Kempen;Fluvius Kempen;L;H
2260;Westerlo;Fluvius Kempen;Fluvius Kempen;L;H
2275;Gierle;Fluvius Kempen;Fluvius Kempen;L;H
2360;Oud-Turnhout;Fluvius Kempen;Fluvius Kempen;L;H
2387;Baarle-Hertog (uitgezonderd Zondereigen);Fluvius Kempen;Enexis Netbeheer;L;Niet Fluvius
2450;Meerhout;Fluvius Kempen;Fluvius Kempen;L;H
2500;Koningshooikt;Fluvius Antwerpen;Fluvius Antwerpen;L;H
2520;Broechem;Fluvius Antwerpen;Fluvius Antwerpen;L;H
2560;Bevel;Fluvius Antwerpen;Fluvius Antwerpen;L;H
2570;Duffel;Fluvius Antwerpen;Fluvius Antwerpen;L;H
2630;Aartselaar;Fluvius Antwerpen;Fluvius Antwerpen;L;H
2801;Heffen;Fluvius Zenne-Dijle;Fluvius Zenne-Dijle;L;H
2880;Hingene;Fluvius Zenne-Dijle;Fluvius Zenne-Dijle;L;H
2970;Schilde;Fluvius Antwerpen;Fluvius Antwerpen;L;H
2980;Zoersel;Fluvius Antwerpen;Fluvius Antwerpen;L;H
3070;Kortenberg;Fluvius Zenne-Dijle;Fluvius Zenne-Dijle;L;H
3090;Overijse;Fluvius Zenne-Dijle;Fluvius Zenne-Dijle;L;H
3120;Tremelo;Fluvius Zenne-Dijle;Fluvius Zenne-Dijle;L;H
3191;Hever;Fluvius Zenne-Dijle;Fluvius Zenne-Dijle;L;H
3271;Averbode;Fluvius Zenne-Dijle;Fluvius Zenne-Dijle;L;H
3300;Goetsenhoven;Fluvius Zenne-Dijle;Fluvius Zenne-Dijle;L;H
3300;Oplinter;Fluvius Zenne-Dijle;Fluvius Zenne-Dijle;L;H
3350;Drieslinter;Fluvius Zenne-Dijle;Fluvius Zenne-Dijle;L;H
3350;Orsmaal-Gussenhoven;Fluvius Zenne-Dijle;Fluvius Zenne-Dijle;L;H
3350;Wommersom;Fluvius Zenne-Dijle;Fluvius Zenne-Dijle;L;H
3370;Neervelp;Fluvius Zenne-Dijle;Fluvius Zenne-Dijle;L;H
3381;Kapellen (Vl.Br.);Fluvius Zenne-Dijle;Fluvius Zenne-Dijle;L;H
3384;Attenrode;Fluvius Zenne-Dijle;Fluvius Zenne-Dijle;L;H
3400;Laar;Fluvius Zenne-Dijle;Fluvius Zenne-Dijle;L;H
3440;Dormaal;Fluvius Zenne-Dijle;Fluvius Zenne-Dijle;L;H
3510;Spalbeek;Fluvius Limburg;Fluvius Limburg;L;H
3540;Donk;Fluvius Limburg;Fluvius Limburg;L;H
3545;Halen;Fluvius Limburg;Fluvius Limburg;L;H
3545;Loksbergen;Fluvius Limburg;Fluvius Limburg;L;H
3580;Beringen;Fluvius Limburg;Fluvius Limburg;L;H
3583;Paal;Fluvius Limburg;Fluvius Limburg;L;H
3630;Meeswijk;Fluvius Limburg;Fluvius Limburg;H;H
3631;Uikhoven;Fluvius Limburg;Fluvius Limburg;H;H
3650;Dilsen;Fluvius Limburg;Fluvius Limburg;H;H
3665;As;Fluvius Limburg;Fluvius Limburg;H;H
3700;Koninksem;Fluvius Limburg;Fluvius Limburg;H;H
3700;Widooie (Haren);Fluvius Limburg;Fluvius Limburg;H;H
3722;Wintershoven;Fluvius Limburg;Fluvius Limburg;H;H
3723;Guigoven;Fluvius Limburg;Fluvius Limburg;H;H
3740;Beverst;Fluvius Limburg;Fluvius Limburg;H;H
3740;Grote-Spouwen;Fluvius Limburg;Fluvius Limburg;H;H
3746;Hoelbeek;Fluvius Limburg;Fluvius Limburg;H;H
3770;Val-Meer;Fluvius Limburg;Fluvius Limburg;H;H
3770;Zichen-Zussen-Bolder;Fluvius Limburg;Fluvius Limburg;H;H
3792;Sint-Pieters-Voeren/Fouron-Saint-Pierre;Fluvius Limburg;;H;Niet Fluvius
3800;Engelmanshoven;Fluvius Limburg;Fluvius Limburg;H;H
3840;Hendrieken;Fluvius Limburg;Fluvius Limburg;H;H
3840;Voort;Fluvius Limburg;Fluvius Limburg;H;H
3850;Nieuwerkerken (Limb.);Fluvius Limburg;Fluvius Limburg;L;H
3960;Tongerlo (Limb.);Fluvius Limburg;Fluvius Limburg;H;H
3990;Kleine-Brogel;Fluvius Limburg;Fluvius Limburg;H;H
8301;Heist;Fluvius Imewo;Fluvius Imewo;H;H
8420;Klemskerke;Fluvius Imewo;Fluvius Imewo;H;H
8460;Ettelgem;Fluvius West;Fluvius West;H;H
8500;Kortrijk;Fluvius West;Fluvius West;H;H
8510;Marke;Fluvius West;Fluvius West;H;H
8573;Tiegem;Fluvius West;Fluvius West;H;H
8587;Helkijn/Helchin;Fluvius West;Fluvius West;H;H
8600;Kaaskerke;Fluvius West;Fluvius West;H;H
8600;Oudekapelle;Fluvius West;Fluvius West;H;H
8600;Stuivekenskerke;Fluvius West;Fluvius West;H;H
8610;Werken;Fluvius West;Fluvius West;H;H
8630;De Moeren;Fluvius West;Fluvius West;H;H
8630;Steenkerke (W.-Vl.);Fluvius West;Fluvius West;H;H
8680;Bovekerke;Fluvius West;Fluvius West;H;H
8691;Leisele;Fluvius West;Fluvius West;H;H
8720;Markegem;Fluvius West;Fluvius West;H;H
8720;Wakken;Fluvius West;Fluvius West;H;H
8755;Ruiselede;Fluvius West;Fluvius West;H;H
8770;Ingelmunster;Fluvius West;Fluvius West;H;H
8790;Waregem;Fluvius West;Fluvius West;H;H
8850;Ardooie;Fluvius West;Fluvius West;H;H
8870;Kachtem;Fluvius West;Fluvius West;H;H
8880;Rollegem-Kapelle;Fluvius West;Fluvius West;H;H
8890;Dadizele;Fluvius West;Fluvius West;H;H
8902;Voormezele;Fluvius West;Fluvius West;H;H
8902;Zillebeke;Fluvius West;Fluvius West;H;H
8980;Passendale;Fluvius West;Fluvius West;H;H
9050;Gentbrugge;Fluvius Imewo;Fluvius Imewo;H;H
9080;Lochristi;Fluvius Imewo;Fluvius Imewo;H;H
9160;Eksaarde;Fluvius Imewo;Fluvius Imewo;H;H
9170;De Klinge;Fluvius Midden-Vlaanderen;Fluvius Midden-Vlaanderen;H;H
9170;Sint-Gillis-Waas;Fluvius Midden-Vlaanderen;Fluvius Midden-Vlaanderen;H;H
9200;Schoonaarde;Fluvius Midden-Vlaanderen;Fluvius Midden-Vlaanderen;H;H
9240;Zele;Fluvius Imewo;Fluvius Imewo;H;H
9260;Wichelen;Fluvius Imewo;Fluvius Imewo;H;H
9280;Wieze;Fluvius Midden-Vlaanderen;Fluvius Midden-Vlaanderen;H;H
9290;Overmere;Fluvius Imewo;Fluvius Imewo;H;H
9401;Pollare;Fluvius Midden-Vlaanderen;Fluvius Midden-Vlaanderen;H;H
9450;Denderhoutem;Fluvius Midden-Vlaanderen;Fluvius Midden-Vlaanderen;H;H
9472;Iddergem;Fluvius Midden-Vlaanderen;Fluvius Midden-Vlaanderen;H;H
9506;Grimminge;Fluvius Midden-Vlaanderen;Fluvius Midden-Vlaanderen;H;H
9550;Woubrechtegem;Fluvius Midden-Vlaanderen;Fluvius Midden-Vlaanderen;H;H
9620;Godveerdegem;Fluvius Midden-Vlaanderen;Fluvius Midden-Vlaanderen;H;H
9630;Munkzwalm;Fluvius West;Fluvius West;H;H
9630;Paulatem;Fluvius West;Fluvius West;H;H
9630;Rozebeke;Fluvius West;Fluvius West;H;H
9700;Ename;Fluvius West;Fluvius West;H;H
9700;Mullem;Fluvius West;Fluvius West;H;H
9800;Astene;Fluvius Imewo;Fluvius Imewo;H;H
9800;Petegem-aan-de-Leie;Fluvius Imewo;Fluvius Imewo;H;H
9820;Bottelare;Fluvius Imewo;Fluvius Imewo;H;H
9850;Hansbeke;Fluvius Imewo;Fluvius Imewo;H;H
9850;Landegem;Fluvius Imewo;Fluvius Imewo;H;H
9850;Poesele;Fluvius Imewo;Fluvius Imewo;H;H
9860;Oosterzele;Fluvius Imewo;Fluvius Imewo;H;H
9860;Scheldewindeke;Fluvius Imewo;Fluvius Imewo;H;H
9880;Aalter;Fluvius Imewo;Fluvius Imewo;H;H
9990;Maldegem;Fluvius Imewo;Fluvius Imewo;H;H
9991;Adegem;Fluvius Imewo;Fluvius Imewo;H;H
1541;Sint-Pieters-Kapelle (Vl.Br.);Fluvius Halle-Vilvoorde;Fluvius Halle-Vilvoorde;L;H
1570;Vollezele;Fluvius Halle-Vilvoorde;Fluvius Halle-Vilvoorde;L;H
1620;Drogenbos;Fluvius Halle-Vilvoorde;Fluvius Halle-Vilvoorde;L;H
1673;Beert;Fluvius Halle-Vilvoorde;Fluvius Halle-Vilvoorde;L;H
1700;Sint-Ulriks-Kapelle;Fluvius Halle-Vilvoorde;Fluvius Halle-Vilvoorde;L;H
1730;Bekkerzeel;Fluvius Halle-Vilvoorde;Fluvius Halle-Vilvoorde;H;H
1981;Hofstade (Vl.Br.);Fluvius Halle-Vilvoorde;Fluvius Halle-Vilvoorde;L;H
2100;Deurne (Antwerpen);Fluvius Antwerpen;Fluvius Antwerpen;L;H
2180;Ekeren;Fluvius Antwerpen;Fluvius Antwerpen;L;H
2200;Noorderwijk;Fluvius Kempen;Fluvius Kempen;L;H
2220;Heist-op-den-Berg;Fluvius Zenne-Dijle;Fluvius Zenne-Dijle;L;H
2222;Wiekevorst;Fluvius Zenne-Dijle;Fluvius Zenne-Dijle;L;H
2240;Massenhoven;Fluvius Kempen;Fluvius Kempen;L;H
2270;Herenthout;Fluvius Kempen;Fluvius Kempen;L;H
2275;Wechelderzande;Fluvius Kempen;Fluvius Kempen;L;H
2340;Beerse;Fluvius Kempen;Fluvius Kempen;L;H
2382;Poppel;Fluvius Kempen;Fluvius Kempen;L;H
2490;Balen;Fluvius Kempen;Fluvius Kempen;L(H);H
2520;Ranst;Fluvius Antwerpen;Fluvius Antwerpen;L;H
2660;Hoboken;Fluvius Antwerpen;Fluvius Antwerpen;L;H
2845;Niel;Fluvius Antwerpen;Fluvius Antwerpen;L;H
2860;Sint-Katelijne-Waver;Fluvius Zenne-Dijle;Fluvius Zenne-Dijle;L;H
2920;Kalmthout;Fluvius Kempen;Fluvius Kempen;L;H
2990;Loenhout;Fluvius Kempen;Fluvius Kempen;L(H);H
3010;Kessel-Lo;Fluvius Zenne-Dijle;Fluvius Zenne-Dijle;L;H
3020;Veltem-Beisem;Fluvius Zenne-Dijle;Fluvius Zenne-Dijle;L;H
3040;Ottenburg;Fluvius Zenne-Dijle;Fluvius Zenne-Dijle;L;H
3150;Haacht;Fluvius Zenne-Dijle;Fluvius Zenne-Dijle;L;H
3272;Testelt;Fluvius Zenne-Dijle;Fluvius Zenne-Dijle;L;H
3290;Webbekom;Fluvius Zenne-Dijle;Fluvius Zenne-Dijle;L;H
3300;Bost;Fluvius Zenne-Dijle;Fluvius Zenne-Dijle;L;H
3300;Tienen;Fluvius Zenne-Dijle;Fluvius Zenne-Dijle;L;H
3360;Bierbeek;Fluvius Zenne-Dijle;Fluvius Zenne-Dijle;L;H
3380;Bunsbeek;Fluvius Zenne-Dijle;Fluvius Zenne-Dijle;L;H
3400;Wange;Fluvius Zenne-Dijle;Fluvius Zenne-Dijle;L;H
3404;Attenhoven;Fluvius Zenne-Dijle;Fluvius Zenne-Dijle;L;H
3460;Assent;Fluvius Zenne-Dijle;Fluvius Zenne-Dijle;L;H
3472;Kersbeek-Miskom;Fluvius Zenne-Dijle;Fluvius Zenne-Dijle;L;H
3500;Hasselt;Fluvius Limburg;Fluvius Limburg;H;H
3550;Heusden (Limb.);Fluvius Limburg;Fluvius Limburg;L;H
3582;Koersel;Fluvius Limburg;Fluvius Limburg;L;H
3620;Gellik;Fluvius Limburg;Fluvius Limburg;H;H
3630;Mechelen-aan-de-Maas;Fluvius Limburg;Fluvius Limburg;H;H
3700;Haren (Tongeren);Fluvius Limburg;Fluvius Limburg;H;H
3700;Lauw;Fluvius Limburg;Fluvius Limburg;H;H
3700;Nerem;Fluvius Limburg;Fluvius Limburg;H;H
3700;Overrepen (Kolmont);Fluvius Limburg;Fluvius Limburg;H;H
3700;Rutten;Fluvius Limburg;Fluvius Limburg;H;H
3700;Tongeren;Fluvius Limburg;Fluvius Limburg;H;H
3730;Werm;Fluvius Limburg;Fluvius Limburg;H;H
3740;Rijkhoven;Fluvius Limburg;Fluvius Limburg;H;H
3770;Membruggen;Fluvius Limburg;Fluvius Limburg;H;H
3770;Vlijtingen;Fluvius Limburg;Fluvius Limburg;H;H
3791;Remersdaal;Fluvius Limburg;;H;Niet Fluvius
3798;'s Gravenvoeren/Fouron-le-Comte;Fluvius Limburg;;H;Niet Fluvius
3803;Gorsem;Fluvius Limburg;Fluvius Limburg;H;H
3803;Runkelen;Fluvius Limburg;Fluvius Limburg;H;H
3831;Herten;Fluvius Limburg;Fluvius Limburg;H;H
3840;Borgloon;Fluvius Limburg;Fluvius Limburg;H;H
3840;Gors-Opleeuw;Fluvius Limburg;Fluvius Limburg;H;H
3870;Mechelen-Bovelingen;Fluvius Limburg;Fluvius Limburg;H;H
3870;Veulen;Fluvius Limburg;Fluvius Limburg;H;H
3890;Gingelom;Fluvius Limburg;Fluvius Limburg;L;H
3890;Kortijs;Fluvius Limburg;Fluvius Limburg;L;H
3930;Achel;Fluvius Limburg;Fluvius Limburg;H;H
3950;Kaulille;Fluvius Limburg;Fluvius Limburg;H;H
8020;Oostkamp;Fluvius Imewo;Fluvius Imewo;H;H
8310;Assebroek;Fluvius Imewo;Fluvius Imewo;H;H
8340;Damme;Fluvius Imewo;Fluvius Imewo;H;H
8380;Dudzele;Fluvius Imewo;Fluvius Imewo;H;H
8430;Middelkerke;Fluvius West;Fluvius West;H;H
8433;Mannekensvere;Fluvius West;Fluvius West;H;H
8433;Slijpe;Fluvius West;Fluvius West;H;H
8480;Bekegem;Fluvius West;Fluvius West;H;H
8490;Snellegem;Fluvius Imewo;Fluvius Imewo;H;H
8490;Stalhille;Fluvius Imewo;Fluvius Imewo;H;H
8501;Heule;Fluvius West;Fluvius West;H;H
8560;Moorsele;Fluvius West;Fluvius West;H;H
8580;Avelgem;Fluvius West;Fluvius West;H;H
8581;Kerkhove;Fluvius West;Fluvius West;H;H
8610;Kortemark;Fluvius West;Fluvius West;H;H
8630;Booitshoeke;Fluvius West;Fluvius West;H;H
8647;Lo;Fluvius West;Fluvius West;H;H
8647;Reninge;Fluvius West;Fluvius West;H;H
8650;Merkem;Fluvius West;Fluvius West;H;H
8670;Oostduinkerke;Fluvius West;Fluvius West;H;H
8720;Dentergem;Fluvius West;Fluvius West;H;H
8730;Sint-Joris (Beernem);Fluvius Imewo;Fluvius Imewo;H;H
8740;Pittem;Fluvius West;Fluvius West;H;H
8800;Rumbeke;Fluvius West;Fluvius West;H;H
8904;Boezinge;Fluvius West;Fluvius West;H;H
9090;Melle;Fluvius Imewo;Fluvius Imewo;H;H
9120;Vrasene;Fluvius Midden-Vlaanderen;Fluvius Midden-Vlaanderen;H;H
9130;Verrebroek;Fluvius Midden-Vlaanderen;Fluvius Midden-Vlaanderen;H;H
9140;Steendorp;Fluvius Midden-Vlaanderen;Fluvius Midden-Vlaanderen;H;H
9255;Opdorp;Fluvius Midden-Vlaanderen;Fluvius Midden-Vlaanderen;H;H
9400;Denderwindeke;Fluvius Midden-Vlaanderen;Fluvius Midden-Vlaanderen;H;H
9400;Okegem;Fluvius Midden-Vlaanderen;Fluvius Midden-Vlaanderen;H;H
9403;Neigem;Fluvius Midden-Vlaanderen;Fluvius Midden-Vlaanderen;H;H
9420;Ottergem;Fluvius Midden-Vlaanderen;Fluvius Midden-Vlaanderen;H;H
9451;Kerksken;Fluvius Midden-Vlaanderen;Fluvius Midden-Vlaanderen;H;H
9473;Welle;Fluvius Midden-Vlaanderen;Fluvius Midden-Vlaanderen;H;H
9500;Moerbeke;Fluvius Midden-Vlaanderen;Fluvius Midden-Vlaanderen;H;H
9500;Nederboelare;Fluvius Midden-Vlaanderen;Fluvius Midden-Vlaanderen;H;H
9620;Leeuwergem;Fluvius Midden-Vlaanderen;Fluvius Midden-Vlaanderen;H;H
9620;Sint-Goriks-Oudenhove;Fluvius Midden-Vlaanderen;Fluvius Midden-Vlaanderen;H;H
9620;Strijpen;Fluvius Midden-Vlaanderen;Fluvius Midden-Vlaanderen;H;H
9630;Sint-Blasius-Boekel;Fluvius West;Fluvius West;H;H
9690;Zulzeke;Fluvius West;Fluvius West;H;H
9750;Zingem;Fluvius West;Fluvius West;H;H
9800;Meigem;Fluvius Imewo;Fluvius Imewo;H;H
9800;Sint-Martens-Leerne;Fluvius Imewo;Fluvius Imewo;H;H
9810;Nazareth;Fluvius Imewo;Fluvius Imewo;H;H
9820;Melsen;Fluvius Imewo;Fluvius Imewo;H;H
9840;De Pinte;Fluvius Imewo;Fluvius Imewo;H;H
9840;Zevergem;Fluvius Imewo;Fluvius Imewo;H;H
9940;Sleidinge;Fluvius Imewo;Fluvius Imewo;H;H
9968;Bassevelde;Fluvius Imewo;Fluvius Imewo;H;H
9968;Oosteeklo;Fluvius Imewo;Fluvius Imewo;H;H
9988;Waterland-Oudeman;Fluvius Imewo;Fluvius Imewo;H;H
1540;Herne;Fluvius Halle-Vilvoorde;Fluvius Halle-Vilvoorde;L;H
1653;Dworp;Fluvius Halle-Vilvoorde;Fluvius Halle-Vilvoorde;L;H
1700;Dilbeek;Fluvius Halle-Vilvoorde;Fluvius Halle-Vilvoorde;L;H
1703;Schepdaal;Fluvius Halle-Vilvoorde;Fluvius Halle-Vilvoorde;L;H
1741;Wambeek;Fluvius Halle-Vilvoorde;Fluvius Halle-Vilvoorde;H(L);H
1785;Brussegem;Fluvius Halle-Vilvoorde;Fluvius Halle-Vilvoorde;H;H
1785;Merchtem;Fluvius Halle-Vilvoorde;Fluvius Halle-Vilvoorde;H;H
1820;Melsbroek;Fluvius Halle-Vilvoorde;Fluvius Halle-Vilvoorde;L;H
1851;Humbeek;Fluvius Halle-Vilvoorde;Fluvius Halle-Vilvoorde;L;H
1860;Meise;Fluvius Halle-Vilvoorde;Fluvius Halle-Vilvoorde;L;H
1861;Wolvertem (grens Londerzeel);Fluvius Halle-Vilvoorde;Fluvius Halle-Vilvoorde;H;H
1910;Berg (Vl.Br.);Fluvius Zenne-Dijle;Fluvius Zenne-Dijle;L;H
1910;Nederokkerzeel;Fluvius Zenne-Dijle;Fluvius Zenne-Dijle;L;H
1932;Sint-Stevens-Woluwe;Fluvius Halle-Vilvoorde;Fluvius Halle-Vilvoorde;L;H
2000;Antwerpen;Fluvius Antwerpen;Fluvius Antwerpen;L;H
2018;Antwerpen;Fluvius Antwerpen;Fluvius Antwerpen;L;H
2020;Havengebied Antwerpen;Fluvius Antwerpen;Fluvius Antwerpen;L;H
2040;Havengebied Antwerpen;Fluvius Antwerpen;Fluvius Antwerpen;L;H
2070;Burcht;Fluvius Antwerpen;Fluvius Antwerpen;H;H
2140;Borgerhout;Fluvius Antwerpen;Fluvius Antwerpen;L;H
2200;Herentals;Fluvius Kempen;Fluvius Kempen;L;H
2200;Morkhoven;Fluvius Kempen;Fluvius Kempen;L;H
2223;Schriek;Fluvius Zenne-Dijle;Fluvius Zenne-Dijle;L;H
2230;Ramsel;Fluvius Zenne-Dijle;Fluvius Zenne-Dijle;L;H
2260;Tongerlo (Antw.);Fluvius Kempen;Fluvius Kempen;L;H
2275;Poederlee;Fluvius Kempen;Fluvius Kempen;L;H
2330;Merksplas;Fluvius Kempen;Fluvius Kempen;L;H
2400;Mol;Fluvius Kempen;Fluvius Kempen;L;H
2460;Kasterlee;Fluvius Kempen;Fluvius Kempen;L;H
2470;Retie;Fluvius Kempen;Fluvius Kempen;L;H
2520;Emblem;Fluvius Antwerpen;Fluvius Antwerpen;L;H
2550;Kontich;Fluvius Antwerpen;Fluvius Antwerpen;L;H
2627;Schelle;Fluvius Antwerpen;Fluvius Antwerpen;L;H
2820;Bonheiden;Fluvius Zenne-Dijle;Fluvius Zenne-Dijle;L;H
2870;Ruisbroek (Antw.);Fluvius Zenne-Dijle;Fluvius Zenne-Dijle;L;H
2890;Sint-Amands;Fluvius Zenne-Dijle;Fluvius Zenne-Dijle;L;H
3000;Leuven;Fluvius Zenne-Dijle;Fluvius Zenne-Dijle;L;H
3118;Werchter;Fluvius Zenne-Dijle;Fluvius Zenne-Dijle;L;H
3130;Betekom;Fluvius Zenne-Dijle;Fluvius Zenne-Dijle;L;H
3150;Wespelaar;Fluvius Zenne-Dijle;Fluvius Zenne-Dijle;L;H
3200;Gelrode;Fluvius Zenne-Dijle;Fluvius Zenne-Dijle;L;H
3220;Sint-Pieters-Rode;Fluvius Zenne-Dijle;Fluvius Zenne-Dijle;L;H
3270;Scherpenheuvel;Fluvius Zenne-Dijle;Fluvius Zenne-Dijle;L;H
3271;Zichem;Fluvius Zenne-Dijle;Fluvius Zenne-Dijle;L;H
3300;Oorbeek;Fluvius Zenne-Dijle;Fluvius Zenne-Dijle;L;H
3300;Vissenaken;Fluvius Zenne-Dijle;Fluvius Zenne-Dijle;L;H
3370;Boutersem;Fluvius Zenne-Dijle;Fluvius Zenne-Dijle;L;H
3400;Eliksem;Fluvius Zenne-Dijle;Fluvius Zenne-Dijle;L;H
3400;Overwinden;Fluvius Zenne-Dijle;Fluvius Zenne-Dijle;L;H
3401;Walsbets;Fluvius Zenne-Dijle;Fluvius Zenne-Dijle;L;H
3560;Lummen;Fluvius Limburg;Fluvius Limburg;L;H
3630;Opgrimbie;Fluvius Limburg;Fluvius Limburg;H;H
3640;Molenbeersel;Fluvius Limburg;Fluvius Limburg;H;H
3670;Ellikom;Fluvius Limburg;Fluvius Limburg;H;H
3670;Gruitrode;Fluvius Limburg;Fluvius Limburg;H;H
3700;Henis;Fluvius Limburg;Fluvius Limburg;H;H
3700;Sluizen;Fluvius Limburg;Fluvius Limburg;H;H
3724;Vliermaal;Fluvius Limburg;Fluvius Limburg;H;H
3730;Sint-Huibrechts-Hern;Fluvius Limburg;Fluvius Limburg;H;H
3740;Hees;Fluvius Limburg;Fluvius Limburg;H;H
3740;Kleine-Spouwen;Fluvius Limburg;Fluvius Limburg;H;H
3740;Rosmeer;Fluvius Limburg;Fluvius Limburg;H;H
3740;Waltwilder;Fluvius Limburg;Fluvius Limburg;H;H
3806;Velm;Fluvius Limburg;Fluvius Limburg;L;H
3870;Klein-Gelmen;Fluvius Limburg;Fluvius Limburg;H;H
3891;Buvingen;Fluvius Limburg;Fluvius Limburg;L;H
3940;Hechtel;Fluvius Limburg;Fluvius Limburg;H;H
3945;Kwaadmechelen;Fluvius Limburg;Fluvius Limburg;L;H
8020;Waardamme;Fluvius Imewo;Fluvius Imewo;H;H
8200;Sint-Andries;Fluvius Imewo;Fluvius Imewo;H;H
8210;Loppem;Fluvius Imewo;Fluvius Imewo;H;H
8380;Zeebrugge;Fluvius Imewo;Fluvius Imewo;H;H
8501;Bissegem;Fluvius West;Fluvius West;H;H
8510;Bellegem;Fluvius West;Fluvius West;H;H
8530;Harelbeke;Fluvius West;Fluvius West;H;H
8531;Hulste;Fluvius West;Fluvius West;H;H
8552;Moen;Fluvius West;Fluvius West;H;H
8570;Vichte;Fluvius West;Fluvius West;H;H
8600;Esen;Fluvius West;Fluvius West;H;H
8600;Lampernisse;Fluvius West;Fluvius West;H;H
8630;Veurne;Fluvius West;Fluvius West;H;H
8640;Oostvleteren;Fluvius West;Fluvius West;H;H
8647;Pollinkhove;Fluvius West;Fluvius West;H;H
8710;Ooigem;Fluvius West;Fluvius West;H;H
8792;Desselgem;Fluvius West;Fluvius West;H;H
8800;Beveren (Roeselare);Fluvius West;Fluvius West;H;H
8800;Roeselare;Fluvius West;Fluvius West;H;H
8870;Emelgem;Fluvius West;Fluvius West;H;H
8900;Brielen;Fluvius West;Fluvius West;H;H
8920;Langemark;Fluvius West;Fluvius West;H;H
8958;Loker;Fluvius West;Fluvius West;H;H
9040;Sint-Amandsberg;Fluvius Imewo;Fluvius Imewo;H;H
9070;Destelbergen;Fluvius Imewo;Fluvius Imewo;H;H
9070;Heusden (O.Vl.);Fluvius Imewo;Fluvius Imewo;H;H
9100;Sint-Niklaas;Fluvius Midden-Vlaanderen;Fluvius Midden-Vlaanderen;H;H
9130;Kallo (Kieldrecht);Fluvius Midden-Vlaanderen;Fluvius Midden-Vlaanderen;H;H
9130;Kieldrecht;Fluvius Midden-Vlaanderen;Fluvius Midden-Vlaanderen;H;H
9140;Temse;Fluvius Midden-Vlaanderen;Fluvius Midden-Vlaanderen;H;H
9200;Appels;Fluvius Midden-Vlaanderen;Fluvius Midden-Vlaanderen;H;H
9200;Sint-Gillis-bij-Dendermonde;Fluvius Midden-Vlaanderen;Fluvius Midden-Vlaanderen;H;H
9230;Westrem;Fluvius Imewo;Fluvius Imewo;H;H
9260;Serskamp;Fluvius Imewo;Fluvius Imewo;H;H
9310;Herdersem;Fluvius Midden-Vlaanderen;Fluvius Midden-Vlaanderen;H;H
9320;Erembodegem;Fluvius Midden-Vlaanderen;Fluvius Midden-Vlaanderen;H;H
9340;Wanzele;Fluvius Imewo;Fluvius Imewo;H;H
9420;Aaigem;Fluvius Midden-Vlaanderen;Fluvius Midden-Vlaanderen;H;H
9420;Erpe;Fluvius Midden-Vlaanderen;Fluvius Midden-Vlaanderen;H;H
9500;Geraardsbergen;Fluvius Midden-Vlaanderen;Fluvius Midden-Vlaanderen;H;H
9500;Onkerzele;Fluvius Midden-Vlaanderen;Fluvius Midden-Vlaanderen;H;H
9506;Idegem;Fluvius Midden-Vlaanderen;Fluvius Midden-Vlaanderen;H;H
9550;Steenhuize-Wijnhuize;Fluvius Midden-Vlaanderen;Fluvius Midden-Vlaanderen;H;H
9570;Sint-Maria-Lierde;Fluvius Midden-Vlaanderen;Fluvius Midden-Vlaanderen;H;H
9620;Oombergen;Fluvius Midden-Vlaanderen;Fluvius Midden-Vlaanderen;H;H
9630;Sint-Maria-Latem;Fluvius West;Fluvius West;H;H
9700;Nederename;Fluvius West;Fluvius West;H;H
9772;Wannegem-Lede;Fluvius West;Fluvius West;H;H
9790;Elsegem;Fluvius West;Fluvius West;H;H
9800;Vinkt;Fluvius Imewo;Fluvius Imewo;H;H
9930;Zomergem;Fluvius Imewo;Fluvius Imewo;H;H
9940;Evergem;Fluvius Imewo;Fluvius Imewo;H;H
9940;Kluizen;Fluvius Imewo;Fluvius Imewo;H;H
9960;Assenede;Fluvius Imewo;Fluvius Imewo;H;H
9961;Boekhoute;Fluvius Imewo;Fluvius Imewo;H;H
9970;Kaprijke;Fluvius Imewo;Fluvius Imewo;H;H
9982;Sint-Jan-in-Eremo;Fluvius Imewo;Fluvius Imewo;H;H
